NegociationId,Company,Name,ExpiryDate,Quantity,Price
5e0a83da-2bcc-4197-8fef-01a424500001,TDX,Product 1,21/05/2019,1,100.10
5e0a83da-2bcc-4197-8fef-01a424500001,TDX,Product 2,21/05/2019,2,100.20
5e0a83da-2bcc-4197-8fef-01a424500001,TDX,Product 3,21/05/2019,3,100.30
5e0a83da-2bcc-4197-8fef-01a424500001,TDX,Product 4,21/05/2019,4,100.40
5e0a83da-2bcc-4197-8fef-01a424500001,TDX,Product 5,21/05/2019,5,100.50
5e0a83da-2bcc-4197-8fef-01a424500001,TDX,Product 6,21/05/2019,6,100.60
5e0a83da-2bcc-4197-8fef-01a424500001,TDX,Product 7,21/05/2019,7,100.70
5e0a83da-2bcc-4197-8fef-01a424500001,TDX,Product 8,21/05/2019,8,100.80
5e0a83da-2bcc-4197-8fef-01a424500001,TDX,Product 9,21/05/2019,9,100.90
5e0a83da-2bcc-4197-8fef-01a424500001,TDX,Product 10,21/05/2019,10,101.00
5e0a83da-2bcc-4197-8fef-01a424500001,TDX,Product 11,22/06/2019,11,101.10
5e0a83da-2bcc-4197-8fef-01a424500001,TDX,Product 12,22/06/2019,12,101.20
5e0a83da-2bcc-4197-8fef-01a424500001,TDX,Product 13,22/06/2019,13,101.30
5e0a83da-2bcc-4197-8fef-01a424500001,TDX,Product 14,22/06/2019,14,101.40
5e0a83da-2bcc-4197-8fef-01a424500001,TDX,Product 15,22/06/2019,15,101.50
5e0a83da-2bcc-4197-8fef-01a424500001,TDX,Product 16,22/06/2019,16,101.60
5e0a83da-2bcc-4197-8fef-01a424500001,TDX,Product 17,22/06/2019,17,101.70
5e0a83da-2bcc-4197-8fef-01a424500001,TDX,Product 18,22/06/2019,18,101.80
5e0a83da-2bcc-4197-8fef-01a424500001,TDX,Product 19,22/06/2019,19,101.90
5e0a83da-2bcc-4197-8fef-01a424500001,TDX,Product 20,22/06/2019,20,102.00
5e0a83da-2bcc-4197-8fef-01a424500001,TDX,Product 21,21/05/2019,21,102.10
5e0a83da-2bcc-4197-8fef-01a424500001,TDX,Product 22,21/05/2019,22,102.20
5e0a83da-2bcc-4197-8fef-01a424500001,TDX,Product 23,21/05/2019,23,102.30
5e0a83da-2bcc-4197-8fef-01a424500001,TDX,Product 24,21/05/2019,24,102.40
5e0a83da-2bcc-4197-8fef-01a424500001,TDX,Product 25,21/05/2019,25,102.50
5e0a83da-2bcc-4197-8fef-01a424500001,TDX,Product 26,21/05/2019,26,102.60
5e0a83da-2bcc-4197-8fef-01a424500001,TDX,Product 27,21/05/2019,27,102.70
5e0a83da-2bcc-4197-8fef-01a424500001,TDX,Product 28,21/05/2019,28,102.80
5e0a83da-2bcc-4197-8fef-01a424500001,TDX,Product 29,21/05/2019,29,102.90
5e0a83da-2bcc-4197-8fef-01a424500001,TDX,Product 30,21/05/2019,30,103.00
5e0a83da-2bcc-4197-8fef-01a424500001,TDX,Product 31,22/06/2019,31,103.10
5e0a83da-2bcc-4197-8fef-01a424500001,TDX,Product 32,22/06/2019,32,103.20
5e0a83da-2bcc-4197-8fef-01a424500001,TDX,Product 33,22/06/2019,33,103.30
5e0a83da-2bcc-4197-8fef-01a424500001,TDX,Product 34,22/06/2019,34,103.40
5e0a83da-2bcc-4197-8fef-01a424500001,TDX,Product 35,22/06/2019,35,103.50
5e0a83da-2bcc-4197-8fef-01a424500001,TDX,Product 36,22/06/2019,36,103.60
5e0a83da-2bcc-4197-8fef-01a424500001,TDX,Product 37,22/06/2019,37,103.70
5e0a83da-2bcc-4197-8fef-01a424500001,TDX,Product 38,22/06/2019,38,103.80
5e0a83da-2bcc-4197-8fef-01a424500001,TDX,Product 39,22/06/2019,39,103.90
5e0a83da-2bcc-4197-8fef-01a424500001,TDX,Product 40,22/06/2019,40,104.00
5e0a83da-2bcc-4197-8fef-01a424500001,TDX,Product 41,21/05/2019,41,104.10
5e0a83da-2bcc-4197-8fef-01a424500001,TDX,Product 42,21/05/2019,42,104.20
5e0a83da-2bcc-4197-8fef-01a424500001,TDX,Product 43,21/05/2019,43,104.30
5e0a83da-2bcc-4197-8fef-01a424500001,TDX,Product 44,21/05/2019,44,104.40
5e0a83da-2bcc-4197-8fef-01a424500001,TDX,Product 45,21/05/2019,45,104.50
5e0a83da-2bcc-4197-8fef-01a424500001,TDX,Product 46,21/05/2019,46,104.60
5e0a83da-2bcc-4197-8fef-01a424500001,TDX,Product 47,21/05/2019,47,104.70
5e0a83da-2bcc-4197-8fef-01a424500001,TDX,Product 48,21/05/2019,48,104.80
5e0a83da-2bcc-4197-8fef-01a424500001,TDX,Product 49,21/05/2019,49,104.90
5e0a83da-2bcc-4197-8fef-01a424500001,TDX,Product 50,21/05/2019,50,105.00
5e0a83da-2bcc-4197-8fef-01a424500001,TDX,Product 51,22/06/2019,51,105.10
5e0a83da-2bcc-4197-8fef-01a424500001,TDX,Product 52,22/06/2019,52,105.20
5e0a83da-2bcc-4197-8fef-01a424500001,TDX,Product 53,22/06/2019,53,105.30
5e0a83da-2bcc-4197-8fef-01a424500001,TDX,Product 54,22/06/2019,54,105.40
5e0a83da-2bcc-4197-8fef-01a424500001,TDX,Product 55,22/06/2019,55,105.50
5e0a83da-2bcc-4197-8fef-01a424500001,TDX,Product 56,22/06/2019,56,105.60
5e0a83da-2bcc-4197-8fef-01a424500001,TDX,Product 57,22/06/2019,57,105.70
5e0a83da-2bcc-4197-8fef-01a424500001,TDX,Product 58,22/06/2019,58,105.80
5e0a83da-2bcc-4197-8fef-01a424500001,TDX,Product 59,22/06/2019,59,105.90
5e0a83da-2bcc-4197-8fef-01a424500001,TDX,Product 60,22/06/2019,60,106.00
5e0a83da-2bcc-4197-8fef-01a424500001,TDX,Product 61,21/05/2019,61,106.10
5e0a83da-2bcc-4197-8fef-01a424500001,TDX,Product 62,21/05/2019,62,106.20
5e0a83da-2bcc-4197-8fef-01a424500001,TDX,Product 63,21/05/2019,63,106.30
5e0a83da-2bcc-4197-8fef-01a424500001,TDX,Product 64,21/05/2019,64,106.40
5e0a83da-2bcc-4197-8fef-01a424500001,TDX,Product 65,21/05/2019,65,106.50
5e0a83da-2bcc-4197-8fef-01a424500001,TDX,Product 66,21/05/2019,66,106.60
5e0a83da-2bcc-4197-8fef-01a424500001,TDX,Product 67,21/05/2019,67,106.70
5e0a83da-2bcc-4197-8fef-01a424500001,TDX,Product 68,21/05/2019,68,106.80
5e0a83da-2bcc-4197-8fef-01a424500001,TDX,Product 69,21/05/2019,69,106.90
5e0a83da-2bcc-4197-8fef-01a424500001,TDX,Product 70,21/05/2019,70,107.00
5e0a83da-2bcc-4197-8fef-01a424500001,TDX,Product 71,22/06/2019,71,107.10
5e0a83da-2bcc-4197-8fef-01a424500001,TDX,Product 72,22/06/2019,72,107.20
5e0a83da-2bcc-4197-8fef-01a424500001,TDX,Product 73,22/06/2019,73,107.30
5e0a83da-2bcc-4197-8fef-01a424500001,TDX,Product 74,22/06/2019,74,107.40
5e0a83da-2bcc-4197-8fef-01a424500001,TDX,Product 75,22/06/2019,75,107.50
5e0a83da-2bcc-4197-8fef-01a424500001,TDX,Product 76,22/06/2019,76,107.60
5e0a83da-2bcc-4197-8fef-01a424500001,TDX,Product 77,22/06/2019,77,107.70
5e0a83da-2bcc-4197-8fef-01a424500001,TDX,Product 78,22/06/2019,78,107.80
5e0a83da-2bcc-4197-8fef-01a424500001,TDX,Product 79,22/06/2019,79,107.90
5e0a83da-2bcc-4197-8fef-01a424500001,TDX,Product 80,22/06/2019,80,108.00
5e0a83da-2bcc-4197-8fef-01a424500001,TDX,Product 81,21/05/2019,81,108.10
5e0a83da-2bcc-4197-8fef-01a424500001,TDX,Product 82,21/05/2019,82,108.20
5e0a83da-2bcc-4197-8fef-01a424500001,TDX,Product 83,21/05/2019,83,108.30
5e0a83da-2bcc-4197-8fef-01a424500001,TDX,Product 84,21/05/2019,84,108.40
5e0a83da-2bcc-4197-8fef-01a424500001,TDX,Product 85,21/05/2019,85,108.50
5e0a83da-2bcc-4197-8fef-01a424500001,TDX,Product 86,21/05/2019,86,108.60
5e0a83da-2bcc-4197-8fef-01a424500001,TDX,Product 87,21/05/2019,87,108.70
5e0a83da-2bcc-4197-8fef-01a424500001,TDX,Product 88,21/05/2019,88,108.80
5e0a83da-2bcc-4197-8fef-01a424500001,TDX,Product 89,21/05/2019,89,108.90
5e0a83da-2bcc-4197-8fef-01a424500001,TDX,Product 90,21/05/2019,90,109.00
5e0a83da-2bcc-4197-8fef-01a424500001,TDX,Product 91,22/06/2019,91,109.10
5e0a83da-2bcc-4197-8fef-01a424500001,TDX,Product 92,22/06/2019,92,109.20
5e0a83da-2bcc-4197-8fef-01a424500001,TDX,Product 93,22/06/2019,93,109.30
5e0a83da-2bcc-4197-8fef-01a424500001,TDX,Product 94,22/06/2019,94,109.40
5e0a83da-2bcc-4197-8fef-01a424500001,TDX,Product 95,22/06/2019,95,109.50
5e0a83da-2bcc-4197-8fef-01a424500001,TDX,Product 96,22/06/2019,96,109.60
5e0a83da-2bcc-4197-8fef-01a424500001,TDX,Product 97,22/06/2019,97,109.70
5e0a83da-2bcc-4197-8fef-01a424500001,TDX,Product 98,22/06/2019,98,109.80
5e0a83da-2bcc-4197-8fef-01a424500001,TDX,Product 99,22/06/2019,99,109.90
5e0a83da-2bcc-4197-8fef-01a424500100,TDX,Product 100,22/06/2019,100,110.00
5e0a83da-2bcc-4197-8fef-01a424500100,TDX,Product 101,21/05/2019,101,110.10
5e0a83da-2bcc-4197-8fef-01a424500100,TDX,Product 102,21/05/2019,102,110.20
5e0a83da-2bcc-4197-8fef-01a424500100,TDX,Product 103,21/05/2019,103,110.30
5e0a83da-2bcc-4197-8fef-01a424500100,TDX,Product 104,21/05/2019,104,110.40
5e0a83da-2bcc-4197-8fef-01a424500100,TDX,Product 105,21/05/2019,105,110.50
5e0a83da-2bcc-4197-8fef-01a424500100,TDX,Product 106,21/05/2019,106,110.60
5e0a83da-2bcc-4197-8fef-01a424500100,TDX,Product 107,21/05/2019,107,110.70
5e0a83da-2bcc-4197-8fef-01a424500100,TDX,Product 108,21/05/2019,108,110.80
5e0a83da-2bcc-4197-8fef-01a424500100,TDX,Product 109,21/05/2019,109,110.90
5e0a83da-2bcc-4197-8fef-01a424500100,TDX,Product 110,21/05/2019,110,111.00
5e0a83da-2bcc-4197-8fef-01a424500100,TDX,Product 111,22/06/2019,111,111.10
5e0a83da-2bcc-4197-8fef-01a424500100,TDX,Product 112,22/06/2019,112,111.20
5e0a83da-2bcc-4197-8fef-01a424500100,TDX,Product 113,22/06/2019,113,111.30
5e0a83da-2bcc-4197-8fef-01a424500100,TDX,Product 114,22/06/2019,114,111.40
5e0a83da-2bcc-4197-8fef-01a424500100,TDX,Product 115,22/06/2019,115,111.50
5e0a83da-2bcc-4197-8fef-01a424500100,TDX,Product 116,22/06/2019,116,111.60
5e0a83da-2bcc-4197-8fef-01a424500100,TDX,Product 117,22/06/2019,117,111.70
5e0a83da-2bcc-4197-8fef-01a424500100,TDX,Product 118,22/06/2019,118,111.80
5e0a83da-2bcc-4197-8fef-01a424500100,TDX,Product 119,22/06/2019,119,111.90
5e0a83da-2bcc-4197-8fef-01a424500100,TDX,Product 120,22/06/2019,120,112.00
5e0a83da-2bcc-4197-8fef-01a424500100,TDX,Product 121,21/05/2019,121,112.10
5e0a83da-2bcc-4197-8fef-01a424500100,TDX,Product 122,21/05/2019,122,112.20
5e0a83da-2bcc-4197-8fef-01a424500100,TDX,Product 123,21/05/2019,123,112.30
5e0a83da-2bcc-4197-8fef-01a424500100,TDX,Product 124,21/05/2019,124,112.40
5e0a83da-2bcc-4197-8fef-01a424500100,TDX,Product 125,21/05/2019,125,112.50
5e0a83da-2bcc-4197-8fef-01a424500100,TDX,Product 126,21/05/2019,126,112.60
5e0a83da-2bcc-4197-8fef-01a424500100,TDX,Product 127,21/05/2019,127,112.70
5e0a83da-2bcc-4197-8fef-01a424500100,TDX,Product 128,21/05/2019,128,112.80
5e0a83da-2bcc-4197-8fef-01a424500100,TDX,Product 129,21/05/2019,129,112.90
5e0a83da-2bcc-4197-8fef-01a424500100,TDX,Product 130,21/05/2019,130,113.00
5e0a83da-2bcc-4197-8fef-01a424500100,TDX,Product 131,22/06/2019,131,113.10
5e0a83da-2bcc-4197-8fef-01a424500100,TDX,Product 132,22/06/2019,132,113.20
5e0a83da-2bcc-4197-8fef-01a424500100,TDX,Product 133,22/06/2019,133,113.30
5e0a83da-2bcc-4197-8fef-01a424500100,TDX,Product 134,22/06/2019,134,113.40
5e0a83da-2bcc-4197-8fef-01a424500100,TDX,Product 135,22/06/2019,135,113.50
5e0a83da-2bcc-4197-8fef-01a424500100,TDX,Product 136,22/06/2019,136,113.60
5e0a83da-2bcc-4197-8fef-01a424500100,TDX,Product 137,22/06/2019,137,113.70
5e0a83da-2bcc-4197-8fef-01a424500100,TDX,Product 138,22/06/2019,138,113.80
5e0a83da-2bcc-4197-8fef-01a424500100,TDX,Product 139,22/06/2019,139,113.90
5e0a83da-2bcc-4197-8fef-01a424500100,TDX,Product 140,22/06/2019,140,114.00
5e0a83da-2bcc-4197-8fef-01a424500100,TDX,Product 141,21/05/2019,141,114.10
5e0a83da-2bcc-4197-8fef-01a424500100,TDX,Product 142,21/05/2019,142,114.20
5e0a83da-2bcc-4197-8fef-01a424500100,TDX,Product 143,21/05/2019,143,114.30
5e0a83da-2bcc-4197-8fef-01a424500100,TDX,Product 144,21/05/2019,144,114.40
5e0a83da-2bcc-4197-8fef-01a424500100,TDX,Product 145,21/05/2019,145,114.50
5e0a83da-2bcc-4197-8fef-01a424500100,TDX,Product 146,21/05/2019,146,114.60
5e0a83da-2bcc-4197-8fef-01a424500100,TDX,Product 147,21/05/2019,147,114.70
5e0a83da-2bcc-4197-8fef-01a424500100,TDX,Product 148,21/05/2019,148,114.80
5e0a83da-2bcc-4197-8fef-01a424500100,TDX,Product 149,21/05/2019,149,114.90
5e0a83da-2bcc-4197-8fef-01a424500100,TDX,Product 150,21/05/2019,150,115.00
5e0a83da-2bcc-4197-8fef-01a424500100,TDX,Product 151,22/06/2019,151,115.10
5e0a83da-2bcc-4197-8fef-01a424500100,TDX,Product 152,22/06/2019,152,115.20
5e0a83da-2bcc-4197-8fef-01a424500100,TDX,Product 153,22/06/2019,153,115.30
5e0a83da-2bcc-4197-8fef-01a424500100,TDX,Product 154,22/06/2019,154,115.40
5e0a83da-2bcc-4197-8fef-01a424500100,TDX,Product 155,22/06/2019,155,115.50
5e0a83da-2bcc-4197-8fef-01a424500100,TDX,Product 156,22/06/2019,156,115.60
5e0a83da-2bcc-4197-8fef-01a424500100,TDX,Product 157,22/06/2019,157,115.70
5e0a83da-2bcc-4197-8fef-01a424500100,TDX,Product 158,22/06/2019,158,115.80
5e0a83da-2bcc-4197-8fef-01a424500100,TDX,Product 159,22/06/2019,159,115.90
5e0a83da-2bcc-4197-8fef-01a424500100,TDX,Product 160,22/06/2019,160,116.00
5e0a83da-2bcc-4197-8fef-01a424500100,TDX,Product 161,21/05/2019,161,116.10
5e0a83da-2bcc-4197-8fef-01a424500100,TDX,Product 162,21/05/2019,162,116.20
5e0a83da-2bcc-4197-8fef-01a424500100,TDX,Product 163,21/05/2019,163,116.30
5e0a83da-2bcc-4197-8fef-01a424500100,TDX,Product 164,21/05/2019,164,116.40
5e0a83da-2bcc-4197-8fef-01a424500100,TDX,Product 165,21/05/2019,165,116.50
5e0a83da-2bcc-4197-8fef-01a424500100,TDX,Product 166,21/05/2019,166,116.60
5e0a83da-2bcc-4197-8fef-01a424500100,TDX,Product 167,21/05/2019,167,116.70
5e0a83da-2bcc-4197-8fef-01a424500100,TDX,Product 168,21/05/2019,168,116.80
5e0a83da-2bcc-4197-8fef-01a424500100,TDX,Product 169,21/05/2019,169,116.90
5e0a83da-2bcc-4197-8fef-01a424500100,TDX,Product 170,21/05/2019,170,117.00
5e0a83da-2bcc-4197-8fef-01a424500100,TDX,Product 171,22/06/2019,171,117.10
5e0a83da-2bcc-4197-8fef-01a424500100,TDX,Product 172,22/06/2019,172,117.20
5e0a83da-2bcc-4197-8fef-01a424500100,TDX,Product 173,22/06/2019,173,117.30
5e0a83da-2bcc-4197-8fef-01a424500100,TDX,Product 174,22/06/2019,174,117.40
5e0a83da-2bcc-4197-8fef-01a424500100,TDX,Product 175,22/06/2019,175,117.50
5e0a83da-2bcc-4197-8fef-01a424500100,TDX,Product 176,22/06/2019,176,117.60
5e0a83da-2bcc-4197-8fef-01a424500100,TDX,Product 177,22/06/2019,177,117.70
5e0a83da-2bcc-4197-8fef-01a424500100,TDX,Product 178,22/06/2019,178,117.80
5e0a83da-2bcc-4197-8fef-01a424500100,TDX,Product 179,22/06/2019,179,117.90
5e0a83da-2bcc-4197-8fef-01a424500100,TDX,Product 180,22/06/2019,180,118.00
5e0a83da-2bcc-4197-8fef-01a424500100,TDX,Product 181,21/05/2019,181,118.10
5e0a83da-2bcc-4197-8fef-01a424500100,TDX,Product 182,21/05/2019,182,118.20
5e0a83da-2bcc-4197-8fef-01a424500100,TDX,Product 183,21/05/2019,183,118.30
5e0a83da-2bcc-4197-8fef-01a424500100,TDX,Product 184,21/05/2019,184,118.40
5e0a83da-2bcc-4197-8fef-01a424500100,TDX,Product 185,21/05/2019,185,118.50
5e0a83da-2bcc-4197-8fef-01a424500100,TDX,Product 186,21/05/2019,186,118.60
5e0a83da-2bcc-4197-8fef-01a424500100,TDX,Product 187,21/05/2019,187,118.70
5e0a83da-2bcc-4197-8fef-01a424500100,TDX,Product 188,21/05/2019,188,118.80
5e0a83da-2bcc-4197-8fef-01a424500100,TDX,Product 189,21/05/2019,189,118.90
5e0a83da-2bcc-4197-8fef-01a424500100,TDX,Product 190,21/05/2019,190,119.00
5e0a83da-2bcc-4197-8fef-01a424500100,TDX,Product 191,22/06/2019,191,119.10
5e0a83da-2bcc-4197-8fef-01a424500100,TDX,Product 192,22/06/2019,192,119.20
5e0a83da-2bcc-4197-8fef-01a424500100,TDX,Product 193,22/06/2019,193,119.30
5e0a83da-2bcc-4197-8fef-01a424500100,TDX,Product 194,22/06/2019,194,119.40
5e0a83da-2bcc-4197-8fef-01a424500100,TDX,Product 195,22/06/2019,195,119.50
5e0a83da-2bcc-4197-8fef-01a424500100,TDX,Product 196,22/06/2019,196,119.60
5e0a83da-2bcc-4197-8fef-01a424500100,TDX,Product 197,22/06/2019,197,119.70
5e0a83da-2bcc-4197-8fef-01a424500100,TDX,Product 198,22/06/2019,198,119.80
5e0a83da-2bcc-4197-8fef-01a424500100,TDX,Product 199,22/06/2019,199,119.90
5e0a83da-2bcc-4197-8fef-01a424500200,TDX,Product 200,22/06/2019,200,120.00
5e0a83da-2bcc-4197-8fef-01a424500200,TDX,Product 201,21/05/2019,201,120.10
5e0a83da-2bcc-4197-8fef-01a424500200,TDX,Product 202,21/05/2019,202,120.20
5e0a83da-2bcc-4197-8fef-01a424500200,TDX,Product 203,21/05/2019,203,120.30
5e0a83da-2bcc-4197-8fef-01a424500200,TDX,Product 204,21/05/2019,204,120.40
5e0a83da-2bcc-4197-8fef-01a424500200,TDX,Product 205,21/05/2019,205,120.50
5e0a83da-2bcc-4197-8fef-01a424500200,TDX,Product 206,21/05/2019,206,120.60
5e0a83da-2bcc-4197-8fef-01a424500200,TDX,Product 207,21/05/2019,207,120.70
5e0a83da-2bcc-4197-8fef-01a424500200,TDX,Product 208,21/05/2019,208,120.80
5e0a83da-2bcc-4197-8fef-01a424500200,TDX,Product 209,21/05/2019,209,120.90
5e0a83da-2bcc-4197-8fef-01a424500200,TDX,Product 210,21/05/2019,210,121.00
5e0a83da-2bcc-4197-8fef-01a424500200,TDX,Product 211,22/06/2019,211,121.10
5e0a83da-2bcc-4197-8fef-01a424500200,TDX,Product 212,22/06/2019,212,121.20
5e0a83da-2bcc-4197-8fef-01a424500200,TDX,Product 213,22/06/2019,213,121.30
5e0a83da-2bcc-4197-8fef-01a424500200,TDX,Product 214,22/06/2019,214,121.40
5e0a83da-2bcc-4197-8fef-01a424500200,TDX,Product 215,22/06/2019,215,121.50
5e0a83da-2bcc-4197-8fef-01a424500200,TDX,Product 216,22/06/2019,216,121.60
5e0a83da-2bcc-4197-8fef-01a424500200,TDX,Product 217,22/06/2019,217,121.70
5e0a83da-2bcc-4197-8fef-01a424500200,TDX,Product 218,22/06/2019,218,121.80
5e0a83da-2bcc-4197-8fef-01a424500200,TDX,Product 219,22/06/2019,219,121.90
5e0a83da-2bcc-4197-8fef-01a424500200,TDX,Product 220,22/06/2019,220,122.00
5e0a83da-2bcc-4197-8fef-01a424500200,TDX,Product 221,21/05/2019,221,122.10
5e0a83da-2bcc-4197-8fef-01a424500200,TDX,Product 222,21/05/2019,222,122.20
5e0a83da-2bcc-4197-8fef-01a424500200,TDX,Product 223,21/05/2019,223,122.30
5e0a83da-2bcc-4197-8fef-01a424500200,TDX,Product 224,21/05/2019,224,122.40
5e0a83da-2bcc-4197-8fef-01a424500200,TDX,Product 225,21/05/2019,225,122.50
5e0a83da-2bcc-4197-8fef-01a424500200,TDX,Product 226,21/05/2019,226,122.60
5e0a83da-2bcc-4197-8fef-01a424500200,TDX,Product 227,21/05/2019,227,122.70
5e0a83da-2bcc-4197-8fef-01a424500200,TDX,Product 228,21/05/2019,228,122.80
5e0a83da-2bcc-4197-8fef-01a424500200,TDX,Product 229,21/05/2019,229,122.90
5e0a83da-2bcc-4197-8fef-01a424500200,TDX,Product 230,21/05/2019,230,123.00
5e0a83da-2bcc-4197-8fef-01a424500200,TDX,Product 231,22/06/2019,231,123.10
5e0a83da-2bcc-4197-8fef-01a424500200,TDX,Product 232,22/06/2019,232,123.20
5e0a83da-2bcc-4197-8fef-01a424500200,TDX,Product 233,22/06/2019,233,123.30
5e0a83da-2bcc-4197-8fef-01a424500200,TDX,Product 234,22/06/2019,234,123.40
5e0a83da-2bcc-4197-8fef-01a424500200,TDX,Product 235,22/06/2019,235,123.50
5e0a83da-2bcc-4197-8fef-01a424500200,TDX,Product 236,22/06/2019,236,123.60
5e0a83da-2bcc-4197-8fef-01a424500200,TDX,Product 237,22/06/2019,237,123.70
5e0a83da-2bcc-4197-8fef-01a424500200,TDX,Product 238,22/06/2019,238,123.80
5e0a83da-2bcc-4197-8fef-01a424500200,TDX,Product 239,22/06/2019,239,123.90
5e0a83da-2bcc-4197-8fef-01a424500200,TDX,Product 240,22/06/2019,240,124.00
5e0a83da-2bcc-4197-8fef-01a424500200,TDX,Product 241,21/05/2019,241,124.10
5e0a83da-2bcc-4197-8fef-01a424500200,TDX,Product 242,21/05/2019,242,124.20
5e0a83da-2bcc-4197-8fef-01a424500200,TDX,Product 243,21/05/2019,243,124.30
5e0a83da-2bcc-4197-8fef-01a424500200,TDX,Product 244,21/05/2019,244,124.40
5e0a83da-2bcc-4197-8fef-01a424500200,TDX,Product 245,21/05/2019,245,124.50
5e0a83da-2bcc-4197-8fef-01a424500200,TDX,Product 246,21/05/2019,246,124.60
5e0a83da-2bcc-4197-8fef-01a424500200,TDX,Product 247,21/05/2019,247,124.70
5e0a83da-2bcc-4197-8fef-01a424500200,TDX,Product 248,21/05/2019,248,124.80
5e0a83da-2bcc-4197-8fef-01a424500200,TDX,Product 249,21/05/2019,249,124.90
5e0a83da-2bcc-4197-8fef-01a424500200,TDX,Product 250,21/05/2019,250,125.00
5e0a83da-2bcc-4197-8fef-01a424500200,TDX,Product 251,22/06/2019,251,125.10
5e0a83da-2bcc-4197-8fef-01a424500200,TDX,Product 252,22/06/2019,252,125.20
5e0a83da-2bcc-4197-8fef-01a424500200,TDX,Product 253,22/06/2019,253,125.30
5e0a83da-2bcc-4197-8fef-01a424500200,TDX,Product 254,22/06/2019,254,125.40
5e0a83da-2bcc-4197-8fef-01a424500200,TDX,Product 255,22/06/2019,255,125.50
5e0a83da-2bcc-4197-8fef-01a424500200,TDX,Product 256,22/06/2019,256,125.60
5e0a83da-2bcc-4197-8fef-01a424500200,TDX,Product 257,22/06/2019,257,125.70
5e0a83da-2bcc-4197-8fef-01a424500200,TDX,Product 258,22/06/2019,258,125.80
5e0a83da-2bcc-4197-8fef-01a424500200,TDX,Product 259,22/06/2019,259,125.90
5e0a83da-2bcc-4197-8fef-01a424500200,TDX,Product 260,22/06/2019,260,126.00
5e0a83da-2bcc-4197-8fef-01a424500200,TDX,Product 261,21/05/2019,261,126.10
5e0a83da-2bcc-4197-8fef-01a424500200,TDX,Product 262,21/05/2019,262,126.20
5e0a83da-2bcc-4197-8fef-01a424500200,TDX,Product 263,21/05/2019,263,126.30
5e0a83da-2bcc-4197-8fef-01a424500200,TDX,Product 264,21/05/2019,264,126.40
5e0a83da-2bcc-4197-8fef-01a424500200,TDX,Product 265,21/05/2019,265,126.50
5e0a83da-2bcc-4197-8fef-01a424500200,TDX,Product 266,21/05/2019,266,126.60
5e0a83da-2bcc-4197-8fef-01a424500200,TDX,Product 267,21/05/2019,267,126.70
5e0a83da-2bcc-4197-8fef-01a424500200,TDX,Product 268,21/05/2019,268,126.80
5e0a83da-2bcc-4197-8fef-01a424500200,TDX,Product 269,21/05/2019,269,126.90
5e0a83da-2bcc-4197-8fef-01a424500200,TDX,Product 270,21/05/2019,270,127.00
5e0a83da-2bcc-4197-8fef-01a424500200,TDX,Product 271,22/06/2019,271,127.10
5e0a83da-2bcc-4197-8fef-01a424500200,TDX,Product 272,22/06/2019,272,127.20
5e0a83da-2bcc-4197-8fef-01a424500200,TDX,Product 273,22/06/2019,273,127.30
5e0a83da-2bcc-4197-8fef-01a424500200,TDX,Product 274,22/06/2019,274,127.40
5e0a83da-2bcc-4197-8fef-01a424500200,TDX,Product 275,22/06/2019,275,127.50
5e0a83da-2bcc-4197-8fef-01a424500200,TDX,Product 276,22/06/2019,276,127.60
5e0a83da-2bcc-4197-8fef-01a424500200,TDX,Product 277,22/06/2019,277,127.70
5e0a83da-2bcc-4197-8fef-01a424500200,TDX,Product 278,22/06/2019,278,127.80
5e0a83da-2bcc-4197-8fef-01a424500200,TDX,Product 279,22/06/2019,279,127.90
5e0a83da-2bcc-4197-8fef-01a424500200,TDX,Product 280,22/06/2019,280,128.00
5e0a83da-2bcc-4197-8fef-01a424500200,TDX,Product 281,21/05/2019,281,128.10
5e0a83da-2bcc-4197-8fef-01a424500200,TDX,Product 282,21/05/2019,282,128.20
5e0a83da-2bcc-4197-8fef-01a424500200,TDX,Product 283,21/05/2019,283,128.30
5e0a83da-2bcc-4197-8fef-01a424500200,TDX,Product 284,21/05/2019,284,128.40
5e0a83da-2bcc-4197-8fef-01a424500200,TDX,Product 285,21/05/2019,285,128.50
5e0a83da-2bcc-4197-8fef-01a424500200,TDX,Product 286,21/05/2019,286,128.60
5e0a83da-2bcc-4197-8fef-01a424500200,TDX,Product 287,21/05/2019,287,128.70
5e0a83da-2bcc-4197-8fef-01a424500200,TDX,Product 288,21/05/2019,288,128.80
5e0a83da-2bcc-4197-8fef-01a424500200,TDX,Product 289,21/05/2019,289,128.90
5e0a83da-2bcc-4197-8fef-01a424500200,TDX,Product 290,21/05/2019,290,129.00
5e0a83da-2bcc-4197-8fef-01a424500200,TDX,Product 291,22/06/2019,291,129.10
5e0a83da-2bcc-4197-8fef-01a424500200,TDX,Product 292,22/06/2019,292,129.20
5e0a83da-2bcc-4197-8fef-01a424500200,TDX,Product 293,22/06/2019,293,129.30
5e0a83da-2bcc-4197-8fef-01a424500200,TDX,Product 294,22/06/2019,294,129.40
5e0a83da-2bcc-4197-8fef-01a424500200,TDX,Product 295,22/06/2019,295,129.50
5e0a83da-2bcc-4197-8fef-01a424500200,TDX,Product 296,22/06/2019,296,129.60
5e0a83da-2bcc-4197-8fef-01a424500200,TDX,Product 297,22/06/2019,297,129.70
5e0a83da-2bcc-4197-8fef-01a424500200,TDX,Product 298,22/06/2019,298,129.80
5e0a83da-2bcc-4197-8fef-01a424500200,TDX,Product 299,22/06/2019,299,129.90
5e0a83da-2bcc-4197-8fef-01a424500300,TDX,Product 300,22/06/2019,300,130.00
5e0a83da-2bcc-4197-8fef-01a424500300,TDX,Product 301,21/05/2019,301,130.10
5e0a83da-2bcc-4197-8fef-01a424500300,TDX,Product 302,21/05/2019,302,130.20
5e0a83da-2bcc-4197-8fef-01a424500300,TDX,Product 303,21/05/2019,303,130.30
5e0a83da-2bcc-4197-8fef-01a424500300,TDX,Product 304,21/05/2019,304,130.40
5e0a83da-2bcc-4197-8fef-01a424500300,TDX,Product 305,21/05/2019,305,130.50
5e0a83da-2bcc-4197-8fef-01a424500300,TDX,Product 306,21/05/2019,306,130.60
5e0a83da-2bcc-4197-8fef-01a424500300,TDX,Product 307,21/05/2019,307,130.70
5e0a83da-2bcc-4197-8fef-01a424500300,TDX,Product 308,21/05/2019,308,130.80
5e0a83da-2bcc-4197-8fef-01a424500300,TDX,Product 309,21/05/2019,309,130.90
5e0a83da-2bcc-4197-8fef-01a424500300,TDX,Product 310,21/05/2019,310,131.00
5e0a83da-2bcc-4197-8fef-01a424500300,TDX,Product 311,22/06/2019,311,131.10
5e0a83da-2bcc-4197-8fef-01a424500300,TDX,Product 312,22/06/2019,312,131.20
5e0a83da-2bcc-4197-8fef-01a424500300,TDX,Product 313,22/06/2019,313,131.30
5e0a83da-2bcc-4197-8fef-01a424500300,TDX,Product 314,22/06/2019,314,131.40
5e0a83da-2bcc-4197-8fef-01a424500300,TDX,Product 315,22/06/2019,315,131.50
5e0a83da-2bcc-4197-8fef-01a424500300,TDX,Product 316,22/06/2019,316,131.60
5e0a83da-2bcc-4197-8fef-01a424500300,TDX,Product 317,22/06/2019,317,131.70
5e0a83da-2bcc-4197-8fef-01a424500300,TDX,Product 318,22/06/2019,318,131.80
5e0a83da-2bcc-4197-8fef-01a424500300,TDX,Product 319,22/06/2019,319,131.90
5e0a83da-2bcc-4197-8fef-01a424500300,TDX,Product 320,22/06/2019,320,132.00
5e0a83da-2bcc-4197-8fef-01a424500300,TDX,Product 321,21/05/2019,321,132.10
5e0a83da-2bcc-4197-8fef-01a424500300,TDX,Product 322,21/05/2019,322,132.20
5e0a83da-2bcc-4197-8fef-01a424500300,TDX,Product 323,21/05/2019,323,132.30
5e0a83da-2bcc-4197-8fef-01a424500300,TDX,Product 324,21/05/2019,324,132.40
5e0a83da-2bcc-4197-8fef-01a424500300,TDX,Product 325,21/05/2019,325,132.50
5e0a83da-2bcc-4197-8fef-01a424500300,TDX,Product 326,21/05/2019,326,132.60
5e0a83da-2bcc-4197-8fef-01a424500300,TDX,Product 327,21/05/2019,327,132.70
5e0a83da-2bcc-4197-8fef-01a424500300,TDX,Product 328,21/05/2019,328,132.80
5e0a83da-2bcc-4197-8fef-01a424500300,TDX,Product 329,21/05/2019,329,132.90
5e0a83da-2bcc-4197-8fef-01a424500300,TDX,Product 330,21/05/2019,330,133.00
5e0a83da-2bcc-4197-8fef-01a424500300,TDX,Product 331,22/06/2019,331,133.10
5e0a83da-2bcc-4197-8fef-01a424500300,TDX,Product 332,22/06/2019,332,133.20
5e0a83da-2bcc-4197-8fef-01a424500300,TDX,Product 333,22/06/2019,333,133.30
5e0a83da-2bcc-4197-8fef-01a424500300,TDX,Product 334,22/06/2019,334,133.40
5e0a83da-2bcc-4197-8fef-01a424500300,TDX,Product 335,22/06/2019,335,133.50
5e0a83da-2bcc-4197-8fef-01a424500300,TDX,Product 336,22/06/2019,336,133.60
5e0a83da-2bcc-4197-8fef-01a424500300,TDX,Product 337,22/06/2019,337,133.70
5e0a83da-2bcc-4197-8fef-01a424500300,TDX,Product 338,22/06/2019,338,133.80
5e0a83da-2bcc-4197-8fef-01a424500300,TDX,Product 339,22/06/2019,339,133.90
5e0a83da-2bcc-4197-8fef-01a424500300,TDX,Product 340,22/06/2019,340,134.00
5e0a83da-2bcc-4197-8fef-01a424500300,TDX,Product 341,21/05/2019,341,134.10
5e0a83da-2bcc-4197-8fef-01a424500300,TDX,Product 342,21/05/2019,342,134.20
5e0a83da-2bcc-4197-8fef-01a424500300,TDX,Product 343,21/05/2019,343,134.30
5e0a83da-2bcc-4197-8fef-01a424500300,TDX,Product 344,21/05/2019,344,134.40
5e0a83da-2bcc-4197-8fef-01a424500300,TDX,Product 345,21/05/2019,345,134.50
5e0a83da-2bcc-4197-8fef-01a424500300,TDX,Product 346,21/05/2019,346,134.60
5e0a83da-2bcc-4197-8fef-01a424500300,TDX,Product 347,21/05/2019,347,134.70
5e0a83da-2bcc-4197-8fef-01a424500300,TDX,Product 348,21/05/2019,348,134.80
5e0a83da-2bcc-4197-8fef-01a424500300,TDX,Product 349,21/05/2019,349,134.90
5e0a83da-2bcc-4197-8fef-01a424500300,TDX,Product 350,21/05/2019,350,135.00
5e0a83da-2bcc-4197-8fef-01a424500300,TDX,Product 351,22/06/2019,351,135.10
5e0a83da-2bcc-4197-8fef-01a424500300,TDX,Product 352,22/06/2019,352,135.20
5e0a83da-2bcc-4197-8fef-01a424500300,TDX,Product 353,22/06/2019,353,135.30
5e0a83da-2bcc-4197-8fef-01a424500300,TDX,Product 354,22/06/2019,354,135.40
5e0a83da-2bcc-4197-8fef-01a424500300,TDX,Product 355,22/06/2019,355,135.50
5e0a83da-2bcc-4197-8fef-01a424500300,TDX,Product 356,22/06/2019,356,135.60
5e0a83da-2bcc-4197-8fef-01a424500300,TDX,Product 357,22/06/2019,357,135.70
5e0a83da-2bcc-4197-8fef-01a424500300,TDX,Product 358,22/06/2019,358,135.80
5e0a83da-2bcc-4197-8fef-01a424500300,TDX,Product 359,22/06/2019,359,135.90
5e0a83da-2bcc-4197-8fef-01a424500300,TDX,Product 360,22/06/2019,360,136.00
5e0a83da-2bcc-4197-8fef-01a424500300,TDX,Product 361,21/05/2019,361,136.10
5e0a83da-2bcc-4197-8fef-01a424500300,TDX,Product 362,21/05/2019,362,136.20
5e0a83da-2bcc-4197-8fef-01a424500300,TDX,Product 363,21/05/2019,363,136.30
5e0a83da-2bcc-4197-8fef-01a424500300,TDX,Product 364,21/05/2019,364,136.40
5e0a83da-2bcc-4197-8fef-01a424500300,TDX,Product 365,21/05/2019,365,136.50
5e0a83da-2bcc-4197-8fef-01a424500300,TDX,Product 366,21/05/2019,366,136.60
5e0a83da-2bcc-4197-8fef-01a424500300,TDX,Product 367,21/05/2019,367,136.70
5e0a83da-2bcc-4197-8fef-01a424500300,TDX,Product 368,21/05/2019,368,136.80
5e0a83da-2bcc-4197-8fef-01a424500300,TDX,Product 369,21/05/2019,369,136.90
5e0a83da-2bcc-4197-8fef-01a424500300,TDX,Product 370,21/05/2019,370,137.00
5e0a83da-2bcc-4197-8fef-01a424500300,TDX,Product 371,22/06/2019,371,137.10
5e0a83da-2bcc-4197-8fef-01a424500300,TDX,Product 372,22/06/2019,372,137.20
5e0a83da-2bcc-4197-8fef-01a424500300,TDX,Product 373,22/06/2019,373,137.30
5e0a83da-2bcc-4197-8fef-01a424500300,TDX,Product 374,22/06/2019,374,137.40
5e0a83da-2bcc-4197-8fef-01a424500300,TDX,Product 375,22/06/2019,375,137.50
5e0a83da-2bcc-4197-8fef-01a424500300,TDX,Product 376,22/06/2019,376,137.60
5e0a83da-2bcc-4197-8fef-01a424500300,TDX,Product 377,22/06/2019,377,137.70
5e0a83da-2bcc-4197-8fef-01a424500300,TDX,Product 378,22/06/2019,378,137.80
5e0a83da-2bcc-4197-8fef-01a424500300,TDX,Product 379,22/06/2019,379,137.90
5e0a83da-2bcc-4197-8fef-01a424500300,TDX,Product 380,22/06/2019,380,138.00
5e0a83da-2bcc-4197-8fef-01a424500300,TDX,Product 381,21/05/2019,381,138.10
5e0a83da-2bcc-4197-8fef-01a424500300,TDX,Product 382,21/05/2019,382,138.20
5e0a83da-2bcc-4197-8fef-01a424500300,TDX,Product 383,21/05/2019,383,138.30
5e0a83da-2bcc-4197-8fef-01a424500300,TDX,Product 384,21/05/2019,384,138.40
5e0a83da-2bcc-4197-8fef-01a424500300,TDX,Product 385,21/05/2019,385,138.50
5e0a83da-2bcc-4197-8fef-01a424500300,TDX,Product 386,21/05/2019,386,138.60
5e0a83da-2bcc-4197-8fef-01a424500300,TDX,Product 387,21/05/2019,387,138.70
5e0a83da-2bcc-4197-8fef-01a424500300,TDX,Product 388,21/05/2019,388,138.80
5e0a83da-2bcc-4197-8fef-01a424500300,TDX,Product 389,21/05/2019,389,138.90
5e0a83da-2bcc-4197-8fef-01a424500300,TDX,Product 390,21/05/2019,390,139.00
5e0a83da-2bcc-4197-8fef-01a424500300,TDX,Product 391,22/06/2019,391,139.10
5e0a83da-2bcc-4197-8fef-01a424500300,TDX,Product 392,22/06/2019,392,139.20
5e0a83da-2bcc-4197-8fef-01a424500300,TDX,Product 393,22/06/2019,393,139.30
5e0a83da-2bcc-4197-8fef-01a424500300,TDX,Product 394,22/06/2019,394,139.40
5e0a83da-2bcc-4197-8fef-01a424500300,TDX,Product 395,22/06/2019,395,139.50
5e0a83da-2bcc-4197-8fef-01a424500300,TDX,Product 396,22/06/2019,396,139.60
5e0a83da-2bcc-4197-8fef-01a424500300,TDX,Product 397,22/06/2019,397,139.70
5e0a83da-2bcc-4197-8fef-01a424500300,TDX,Product 398,22/06/2019,398,139.80
5e0a83da-2bcc-4197-8fef-01a424500300,TDX,Product 399,22/06/2019,399,139.90
5e0a83da-2bcc-4197-8fef-01a424500400,TDX,Product 400,22/06/2019,400,140.00
5e0a83da-2bcc-4197-8fef-01a424500400,TDX,Product 401,21/05/2019,401,140.10
5e0a83da-2bcc-4197-8fef-01a424500400,TDX,Product 402,21/05/2019,402,140.20
5e0a83da-2bcc-4197-8fef-01a424500400,TDX,Product 403,21/05/2019,403,140.30
5e0a83da-2bcc-4197-8fef-01a424500400,TDX,Product 404,21/05/2019,404,140.40
5e0a83da-2bcc-4197-8fef-01a424500400,TDX,Product 405,21/05/2019,405,140.50
5e0a83da-2bcc-4197-8fef-01a424500400,TDX,Product 406,21/05/2019,406,140.60
5e0a83da-2bcc-4197-8fef-01a424500400,TDX,Product 407,21/05/2019,407,140.70
5e0a83da-2bcc-4197-8fef-01a424500400,TDX,Product 408,21/05/2019,408,140.80
5e0a83da-2bcc-4197-8fef-01a424500400,TDX,Product 409,21/05/2019,409,140.90
5e0a83da-2bcc-4197-8fef-01a424500400,TDX,Product 410,21/05/2019,410,141.00
5e0a83da-2bcc-4197-8fef-01a424500400,TDX,Product 411,22/06/2019,411,141.10
5e0a83da-2bcc-4197-8fef-01a424500400,TDX,Product 412,22/06/2019,412,141.20
5e0a83da-2bcc-4197-8fef-01a424500400,TDX,Product 413,22/06/2019,413,141.30
5e0a83da-2bcc-4197-8fef-01a424500400,TDX,Product 414,22/06/2019,414,141.40
5e0a83da-2bcc-4197-8fef-01a424500400,TDX,Product 415,22/06/2019,415,141.50
5e0a83da-2bcc-4197-8fef-01a424500400,TDX,Product 416,22/06/2019,416,141.60
5e0a83da-2bcc-4197-8fef-01a424500400,TDX,Product 417,22/06/2019,417,141.70
5e0a83da-2bcc-4197-8fef-01a424500400,TDX,Product 418,22/06/2019,418,141.80
5e0a83da-2bcc-4197-8fef-01a424500400,TDX,Product 419,22/06/2019,419,141.90
5e0a83da-2bcc-4197-8fef-01a424500400,TDX,Product 420,22/06/2019,420,142.00
5e0a83da-2bcc-4197-8fef-01a424500400,TDX,Product 421,21/05/2019,421,142.10
5e0a83da-2bcc-4197-8fef-01a424500400,TDX,Product 422,21/05/2019,422,142.20
5e0a83da-2bcc-4197-8fef-01a424500400,TDX,Product 423,21/05/2019,423,142.30
5e0a83da-2bcc-4197-8fef-01a424500400,TDX,Product 424,21/05/2019,424,142.40
5e0a83da-2bcc-4197-8fef-01a424500400,TDX,Product 425,21/05/2019,425,142.50
5e0a83da-2bcc-4197-8fef-01a424500400,TDX,Product 426,21/05/2019,426,142.60
5e0a83da-2bcc-4197-8fef-01a424500400,TDX,Product 427,21/05/2019,427,142.70
5e0a83da-2bcc-4197-8fef-01a424500400,TDX,Product 428,21/05/2019,428,142.80
5e0a83da-2bcc-4197-8fef-01a424500400,TDX,Product 429,21/05/2019,429,142.90
5e0a83da-2bcc-4197-8fef-01a424500400,TDX,Product 430,21/05/2019,430,143.00
5e0a83da-2bcc-4197-8fef-01a424500400,TDX,Product 431,22/06/2019,431,143.10
5e0a83da-2bcc-4197-8fef-01a424500400,TDX,Product 432,22/06/2019,432,143.20
5e0a83da-2bcc-4197-8fef-01a424500400,TDX,Product 433,22/06/2019,433,143.30
5e0a83da-2bcc-4197-8fef-01a424500400,TDX,Product 434,22/06/2019,434,143.40
5e0a83da-2bcc-4197-8fef-01a424500400,TDX,Product 435,22/06/2019,435,143.50
5e0a83da-2bcc-4197-8fef-01a424500400,TDX,Product 436,22/06/2019,436,143.60
5e0a83da-2bcc-4197-8fef-01a424500400,TDX,Product 437,22/06/2019,437,143.70
5e0a83da-2bcc-4197-8fef-01a424500400,TDX,Product 438,22/06/2019,438,143.80
5e0a83da-2bcc-4197-8fef-01a424500400,TDX,Product 439,22/06/2019,439,143.90
5e0a83da-2bcc-4197-8fef-01a424500400,TDX,Product 440,22/06/2019,440,144.00
5e0a83da-2bcc-4197-8fef-01a424500400,TDX,Product 441,21/05/2019,441,144.10
5e0a83da-2bcc-4197-8fef-01a424500400,TDX,Product 442,21/05/2019,442,144.20
5e0a83da-2bcc-4197-8fef-01a424500400,TDX,Product 443,21/05/2019,443,144.30
5e0a83da-2bcc-4197-8fef-01a424500400,TDX,Product 444,21/05/2019,444,144.40
5e0a83da-2bcc-4197-8fef-01a424500400,TDX,Product 445,21/05/2019,445,144.50
5e0a83da-2bcc-4197-8fef-01a424500400,TDX,Product 446,21/05/2019,446,144.60
5e0a83da-2bcc-4197-8fef-01a424500400,TDX,Product 447,21/05/2019,447,144.70
5e0a83da-2bcc-4197-8fef-01a424500400,TDX,Product 448,21/05/2019,448,144.80
5e0a83da-2bcc-4197-8fef-01a424500400,TDX,Product 449,21/05/2019,449,144.90
5e0a83da-2bcc-4197-8fef-01a424500400,TDX,Product 450,21/05/2019,450,145.00
5e0a83da-2bcc-4197-8fef-01a424500400,TDX,Product 451,22/06/2019,451,145.10
5e0a83da-2bcc-4197-8fef-01a424500400,TDX,Product 452,22/06/2019,452,145.20
5e0a83da-2bcc-4197-8fef-01a424500400,TDX,Product 453,22/06/2019,453,145.30
5e0a83da-2bcc-4197-8fef-01a424500400,TDX,Product 454,22/06/2019,454,145.40
5e0a83da-2bcc-4197-8fef-01a424500400,TDX,Product 455,22/06/2019,455,145.50
5e0a83da-2bcc-4197-8fef-01a424500400,TDX,Product 456,22/06/2019,456,145.60
5e0a83da-2bcc-4197-8fef-01a424500400,TDX,Product 457,22/06/2019,457,145.70
5e0a83da-2bcc-4197-8fef-01a424500400,TDX,Product 458,22/06/2019,458,145.80
5e0a83da-2bcc-4197-8fef-01a424500400,TDX,Product 459,22/06/2019,459,145.90
5e0a83da-2bcc-4197-8fef-01a424500400,TDX,Product 460,22/06/2019,460,146.00
5e0a83da-2bcc-4197-8fef-01a424500400,TDX,Product 461,21/05/2019,461,146.10
5e0a83da-2bcc-4197-8fef-01a424500400,TDX,Product 462,21/05/2019,462,146.20
5e0a83da-2bcc-4197-8fef-01a424500400,TDX,Product 463,21/05/2019,463,146.30
5e0a83da-2bcc-4197-8fef-01a424500400,TDX,Product 464,21/05/2019,464,146.40
5e0a83da-2bcc-4197-8fef-01a424500400,TDX,Product 465,21/05/2019,465,146.50
5e0a83da-2bcc-4197-8fef-01a424500400,TDX,Product 466,21/05/2019,466,146.60
5e0a83da-2bcc-4197-8fef-01a424500400,TDX,Product 467,21/05/2019,467,146.70
5e0a83da-2bcc-4197-8fef-01a424500400,TDX,Product 468,21/05/2019,468,146.80
5e0a83da-2bcc-4197-8fef-01a424500400,TDX,Product 469,21/05/2019,469,146.90
5e0a83da-2bcc-4197-8fef-01a424500400,TDX,Product 470,21/05/2019,470,147.00
5e0a83da-2bcc-4197-8fef-01a424500400,TDX,Product 471,22/06/2019,471,147.10
5e0a83da-2bcc-4197-8fef-01a424500400,TDX,Product 472,22/06/2019,472,147.20
5e0a83da-2bcc-4197-8fef-01a424500400,TDX,Product 473,22/06/2019,473,147.30
5e0a83da-2bcc-4197-8fef-01a424500400,TDX,Product 474,22/06/2019,474,147.40
5e0a83da-2bcc-4197-8fef-01a424500400,TDX,Product 475,22/06/2019,475,147.50
5e0a83da-2bcc-4197-8fef-01a424500400,TDX,Product 476,22/06/2019,476,147.60
5e0a83da-2bcc-4197-8fef-01a424500400,TDX,Product 477,22/06/2019,477,147.70
5e0a83da-2bcc-4197-8fef-01a424500400,TDX,Product 478,22/06/2019,478,147.80
5e0a83da-2bcc-4197-8fef-01a424500400,TDX,Product 479,22/06/2019,479,147.90
5e0a83da-2bcc-4197-8fef-01a424500400,TDX,Product 480,22/06/2019,480,148.00
5e0a83da-2bcc-4197-8fef-01a424500400,TDX,Product 481,21/05/2019,481,148.10
5e0a83da-2bcc-4197-8fef-01a424500400,TDX,Product 482,21/05/2019,482,148.20
5e0a83da-2bcc-4197-8fef-01a424500400,TDX,Product 483,21/05/2019,483,148.30
5e0a83da-2bcc-4197-8fef-01a424500400,TDX,Product 484,21/05/2019,484,148.40
5e0a83da-2bcc-4197-8fef-01a424500400,TDX,Product 485,21/05/2019,485,148.50
5e0a83da-2bcc-4197-8fef-01a424500400,TDX,Product 486,21/05/2019,486,148.60
5e0a83da-2bcc-4197-8fef-01a424500400,TDX,Product 487,21/05/2019,487,148.70
5e0a83da-2bcc-4197-8fef-01a424500400,TDX,Product 488,21/05/2019,488,148.80
5e0a83da-2bcc-4197-8fef-01a424500400,TDX,Product 489,21/05/2019,489,148.90
5e0a83da-2bcc-4197-8fef-01a424500400,TDX,Product 490,21/05/2019,490,149.00
5e0a83da-2bcc-4197-8fef-01a424500400,TDX,Product 491,22/06/2019,491,149.10
5e0a83da-2bcc-4197-8fef-01a424500400,TDX,Product 492,22/06/2019,492,149.20
5e0a83da-2bcc-4197-8fef-01a424500400,TDX,Product 493,22/06/2019,493,149.30
5e0a83da-2bcc-4197-8fef-01a424500400,TDX,Product 494,22/06/2019,494,149.40
5e0a83da-2bcc-4197-8fef-01a424500400,TDX,Product 495,22/06/2019,495,149.50
5e0a83da-2bcc-4197-8fef-01a424500400,TDX,Product 496,22/06/2019,496,149.60
5e0a83da-2bcc-4197-8fef-01a424500400,TDX,Product 497,22/06/2019,497,149.70
5e0a83da-2bcc-4197-8fef-01a424500400,TDX,Product 498,22/06/2019,498,149.80
5e0a83da-2bcc-4197-8fef-01a424500400,TDX,Product 499,22/06/2019,499,149.90
5e0a83da-2bcc-4197-8fef-01a424500500,TDX,Product 500,22/06/2019,500,150.00
5e0a83da-2bcc-4197-8fef-01a424500500,TDX,Product 501,21/05/2019,501,150.10
5e0a83da-2bcc-4197-8fef-01a424500500,TDX,Product 502,21/05/2019,502,150.20
5e0a83da-2bcc-4197-8fef-01a424500500,TDX,Product 503,21/05/2019,503,150.30
5e0a83da-2bcc-4197-8fef-01a424500500,TDX,Product 504,21/05/2019,504,150.40
5e0a83da-2bcc-4197-8fef-01a424500500,TDX,Product 505,21/05/2019,505,150.50
5e0a83da-2bcc-4197-8fef-01a424500500,TDX,Product 506,21/05/2019,506,150.60
5e0a83da-2bcc-4197-8fef-01a424500500,TDX,Product 507,21/05/2019,507,150.70
5e0a83da-2bcc-4197-8fef-01a424500500,TDX,Product 508,21/05/2019,508,150.80
5e0a83da-2bcc-4197-8fef-01a424500500,TDX,Product 509,21/05/2019,509,150.90
5e0a83da-2bcc-4197-8fef-01a424500500,TDX,Product 510,21/05/2019,510,151.00
5e0a83da-2bcc-4197-8fef-01a424500500,TDX,Product 511,22/06/2019,511,151.10
5e0a83da-2bcc-4197-8fef-01a424500500,TDX,Product 512,22/06/2019,512,151.20
5e0a83da-2bcc-4197-8fef-01a424500500,TDX,Product 513,22/06/2019,513,151.30
5e0a83da-2bcc-4197-8fef-01a424500500,TDX,Product 514,22/06/2019,514,151.40
5e0a83da-2bcc-4197-8fef-01a424500500,TDX,Product 515,22/06/2019,515,151.50
5e0a83da-2bcc-4197-8fef-01a424500500,TDX,Product 516,22/06/2019,516,151.60
5e0a83da-2bcc-4197-8fef-01a424500500,TDX,Product 517,22/06/2019,517,151.70
5e0a83da-2bcc-4197-8fef-01a424500500,TDX,Product 518,22/06/2019,518,151.80
5e0a83da-2bcc-4197-8fef-01a424500500,TDX,Product 519,22/06/2019,519,151.90
5e0a83da-2bcc-4197-8fef-01a424500500,TDX,Product 520,22/06/2019,520,152.00
5e0a83da-2bcc-4197-8fef-01a424500500,TDX,Product 521,21/05/2019,521,152.10
5e0a83da-2bcc-4197-8fef-01a424500500,TDX,Product 522,21/05/2019,522,152.20
5e0a83da-2bcc-4197-8fef-01a424500500,TDX,Product 523,21/05/2019,523,152.30
5e0a83da-2bcc-4197-8fef-01a424500500,TDX,Product 524,21/05/2019,524,152.40
5e0a83da-2bcc-4197-8fef-01a424500500,TDX,Product 525,21/05/2019,525,152.50
5e0a83da-2bcc-4197-8fef-01a424500500,TDX,Product 526,21/05/2019,526,152.60
5e0a83da-2bcc-4197-8fef-01a424500500,TDX,Product 527,21/05/2019,527,152.70
5e0a83da-2bcc-4197-8fef-01a424500500,TDX,Product 528,21/05/2019,528,152.80
5e0a83da-2bcc-4197-8fef-01a424500500,TDX,Product 529,21/05/2019,529,152.90
5e0a83da-2bcc-4197-8fef-01a424500500,TDX,Product 530,21/05/2019,530,153.00
5e0a83da-2bcc-4197-8fef-01a424500500,TDX,Product 531,22/06/2019,531,153.10
5e0a83da-2bcc-4197-8fef-01a424500500,TDX,Product 532,22/06/2019,532,153.20
5e0a83da-2bcc-4197-8fef-01a424500500,TDX,Product 533,22/06/2019,533,153.30
5e0a83da-2bcc-4197-8fef-01a424500500,TDX,Product 534,22/06/2019,534,153.40
5e0a83da-2bcc-4197-8fef-01a424500500,TDX,Product 535,22/06/2019,535,153.50
5e0a83da-2bcc-4197-8fef-01a424500500,TDX,Product 536,22/06/2019,536,153.60
5e0a83da-2bcc-4197-8fef-01a424500500,TDX,Product 537,22/06/2019,537,153.70
5e0a83da-2bcc-4197-8fef-01a424500500,TDX,Product 538,22/06/2019,538,153.80
5e0a83da-2bcc-4197-8fef-01a424500500,TDX,Product 539,22/06/2019,539,153.90
5e0a83da-2bcc-4197-8fef-01a424500500,TDX,Product 540,22/06/2019,540,154.00
5e0a83da-2bcc-4197-8fef-01a424500500,TDX,Product 541,21/05/2019,541,154.10
5e0a83da-2bcc-4197-8fef-01a424500500,TDX,Product 542,21/05/2019,542,154.20
5e0a83da-2bcc-4197-8fef-01a424500500,TDX,Product 543,21/05/2019,543,154.30
5e0a83da-2bcc-4197-8fef-01a424500500,TDX,Product 544,21/05/2019,544,154.40
5e0a83da-2bcc-4197-8fef-01a424500500,TDX,Product 545,21/05/2019,545,154.50
5e0a83da-2bcc-4197-8fef-01a424500500,TDX,Product 546,21/05/2019,546,154.60
5e0a83da-2bcc-4197-8fef-01a424500500,TDX,Product 547,21/05/2019,547,154.70
5e0a83da-2bcc-4197-8fef-01a424500500,TDX,Product 548,21/05/2019,548,154.80
5e0a83da-2bcc-4197-8fef-01a424500500,TDX,Product 549,21/05/2019,549,154.90
5e0a83da-2bcc-4197-8fef-01a424500500,TDX,Product 550,21/05/2019,550,155.00
5e0a83da-2bcc-4197-8fef-01a424500500,TDX,Product 551,22/06/2019,551,155.10
5e0a83da-2bcc-4197-8fef-01a424500500,TDX,Product 552,22/06/2019,552,155.20
5e0a83da-2bcc-4197-8fef-01a424500500,TDX,Product 553,22/06/2019,553,155.30
5e0a83da-2bcc-4197-8fef-01a424500500,TDX,Product 554,22/06/2019,554,155.40
5e0a83da-2bcc-4197-8fef-01a424500500,TDX,Product 555,22/06/2019,555,155.50
5e0a83da-2bcc-4197-8fef-01a424500500,TDX,Product 556,22/06/2019,556,155.60
5e0a83da-2bcc-4197-8fef-01a424500500,TDX,Product 557,22/06/2019,557,155.70
5e0a83da-2bcc-4197-8fef-01a424500500,TDX,Product 558,22/06/2019,558,155.80
5e0a83da-2bcc-4197-8fef-01a424500500,TDX,Product 559,22/06/2019,559,155.90
5e0a83da-2bcc-4197-8fef-01a424500500,TDX,Product 560,22/06/2019,560,156.00
5e0a83da-2bcc-4197-8fef-01a424500500,TDX,Product 561,21/05/2019,561,156.10
5e0a83da-2bcc-4197-8fef-01a424500500,TDX,Product 562,21/05/2019,562,156.20
5e0a83da-2bcc-4197-8fef-01a424500500,TDX,Product 563,21/05/2019,563,156.30
5e0a83da-2bcc-4197-8fef-01a424500500,TDX,Product 564,21/05/2019,564,156.40
5e0a83da-2bcc-4197-8fef-01a424500500,TDX,Product 565,21/05/2019,565,156.50
5e0a83da-2bcc-4197-8fef-01a424500500,TDX,Product 566,21/05/2019,566,156.60
5e0a83da-2bcc-4197-8fef-01a424500500,TDX,Product 567,21/05/2019,567,156.70
5e0a83da-2bcc-4197-8fef-01a424500500,TDX,Product 568,21/05/2019,568,156.80
5e0a83da-2bcc-4197-8fef-01a424500500,TDX,Product 569,21/05/2019,569,156.90
5e0a83da-2bcc-4197-8fef-01a424500500,TDX,Product 570,21/05/2019,570,157.00
5e0a83da-2bcc-4197-8fef-01a424500500,TDX,Product 571,22/06/2019,571,157.10
5e0a83da-2bcc-4197-8fef-01a424500500,TDX,Product 572,22/06/2019,572,157.20
5e0a83da-2bcc-4197-8fef-01a424500500,TDX,Product 573,22/06/2019,573,157.30
5e0a83da-2bcc-4197-8fef-01a424500500,TDX,Product 574,22/06/2019,574,157.40
5e0a83da-2bcc-4197-8fef-01a424500500,TDX,Product 575,22/06/2019,575,157.50
5e0a83da-2bcc-4197-8fef-01a424500500,TDX,Product 576,22/06/2019,576,157.60
5e0a83da-2bcc-4197-8fef-01a424500500,TDX,Product 577,22/06/2019,577,157.70
5e0a83da-2bcc-4197-8fef-01a424500500,TDX,Product 578,22/06/2019,578,157.80
5e0a83da-2bcc-4197-8fef-01a424500500,TDX,Product 579,22/06/2019,579,157.90
5e0a83da-2bcc-4197-8fef-01a424500500,TDX,Product 580,22/06/2019,580,158.00
5e0a83da-2bcc-4197-8fef-01a424500500,TDX,Product 581,21/05/2019,581,158.10
5e0a83da-2bcc-4197-8fef-01a424500500,TDX,Product 582,21/05/2019,582,158.20
5e0a83da-2bcc-4197-8fef-01a424500500,TDX,Product 583,21/05/2019,583,158.30
5e0a83da-2bcc-4197-8fef-01a424500500,TDX,Product 584,21/05/2019,584,158.40
5e0a83da-2bcc-4197-8fef-01a424500500,TDX,Product 585,21/05/2019,585,158.50
5e0a83da-2bcc-4197-8fef-01a424500500,TDX,Product 586,21/05/2019,586,158.60
5e0a83da-2bcc-4197-8fef-01a424500500,TDX,Product 587,21/05/2019,587,158.70
5e0a83da-2bcc-4197-8fef-01a424500500,TDX,Product 588,21/05/2019,588,158.80
5e0a83da-2bcc-4197-8fef-01a424500500,TDX,Product 589,21/05/2019,589,158.90
5e0a83da-2bcc-4197-8fef-01a424500500,TDX,Product 590,21/05/2019,590,159.00
5e0a83da-2bcc-4197-8fef-01a424500500,TDX,Product 591,22/06/2019,591,159.10
5e0a83da-2bcc-4197-8fef-01a424500500,TDX,Product 592,22/06/2019,592,159.20
5e0a83da-2bcc-4197-8fef-01a424500500,TDX,Product 593,22/06/2019,593,159.30
5e0a83da-2bcc-4197-8fef-01a424500500,TDX,Product 594,22/06/2019,594,159.40
5e0a83da-2bcc-4197-8fef-01a424500500,TDX,Product 595,22/06/2019,595,159.50
5e0a83da-2bcc-4197-8fef-01a424500500,TDX,Product 596,22/06/2019,596,159.60
5e0a83da-2bcc-4197-8fef-01a424500500,TDX,Product 597,22/06/2019,597,159.70
5e0a83da-2bcc-4197-8fef-01a424500500,TDX,Product 598,22/06/2019,598,159.80
5e0a83da-2bcc-4197-8fef-01a424500500,TDX,Product 599,22/06/2019,599,159.90
5e0a83da-2bcc-4197-8fef-01a424500600,TDX,Product 600,22/06/2019,600,160.00
5e0a83da-2bcc-4197-8fef-01a424500600,TDX,Product 601,21/05/2019,601,160.10
5e0a83da-2bcc-4197-8fef-01a424500600,TDX,Product 602,21/05/2019,602,160.20
5e0a83da-2bcc-4197-8fef-01a424500600,TDX,Product 603,21/05/2019,603,160.30
5e0a83da-2bcc-4197-8fef-01a424500600,TDX,Product 604,21/05/2019,604,160.40
5e0a83da-2bcc-4197-8fef-01a424500600,TDX,Product 605,21/05/2019,605,160.50
5e0a83da-2bcc-4197-8fef-01a424500600,TDX,Product 606,21/05/2019,606,160.60
5e0a83da-2bcc-4197-8fef-01a424500600,TDX,Product 607,21/05/2019,607,160.70
5e0a83da-2bcc-4197-8fef-01a424500600,TDX,Product 608,21/05/2019,608,160.80
5e0a83da-2bcc-4197-8fef-01a424500600,TDX,Product 609,21/05/2019,609,160.90
5e0a83da-2bcc-4197-8fef-01a424500600,TDX,Product 610,21/05/2019,610,161.00
5e0a83da-2bcc-4197-8fef-01a424500600,TDX,Product 611,22/06/2019,611,161.10
5e0a83da-2bcc-4197-8fef-01a424500600,TDX,Product 612,22/06/2019,612,161.20
5e0a83da-2bcc-4197-8fef-01a424500600,TDX,Product 613,22/06/2019,613,161.30
5e0a83da-2bcc-4197-8fef-01a424500600,TDX,Product 614,22/06/2019,614,161.40
5e0a83da-2bcc-4197-8fef-01a424500600,TDX,Product 615,22/06/2019,615,161.50
5e0a83da-2bcc-4197-8fef-01a424500600,TDX,Product 616,22/06/2019,616,161.60
5e0a83da-2bcc-4197-8fef-01a424500600,TDX,Product 617,22/06/2019,617,161.70
5e0a83da-2bcc-4197-8fef-01a424500600,TDX,Product 618,22/06/2019,618,161.80
5e0a83da-2bcc-4197-8fef-01a424500600,TDX,Product 619,22/06/2019,619,161.90
5e0a83da-2bcc-4197-8fef-01a424500600,TDX,Product 620,22/06/2019,620,162.00
5e0a83da-2bcc-4197-8fef-01a424500600,TDX,Product 621,21/05/2019,621,162.10
5e0a83da-2bcc-4197-8fef-01a424500600,TDX,Product 622,21/05/2019,622,162.20
5e0a83da-2bcc-4197-8fef-01a424500600,TDX,Product 623,21/05/2019,623,162.30
5e0a83da-2bcc-4197-8fef-01a424500600,TDX,Product 624,21/05/2019,624,162.40
5e0a83da-2bcc-4197-8fef-01a424500600,TDX,Product 625,21/05/2019,625,162.50
5e0a83da-2bcc-4197-8fef-01a424500600,TDX,Product 626,21/05/2019,626,162.60
5e0a83da-2bcc-4197-8fef-01a424500600,TDX,Product 627,21/05/2019,627,162.70
5e0a83da-2bcc-4197-8fef-01a424500600,TDX,Product 628,21/05/2019,628,162.80
5e0a83da-2bcc-4197-8fef-01a424500600,TDX,Product 629,21/05/2019,629,162.90
5e0a83da-2bcc-4197-8fef-01a424500600,TDX,Product 630,21/05/2019,630,163.00
5e0a83da-2bcc-4197-8fef-01a424500600,TDX,Product 631,22/06/2019,631,163.10
5e0a83da-2bcc-4197-8fef-01a424500600,TDX,Product 632,22/06/2019,632,163.20
5e0a83da-2bcc-4197-8fef-01a424500600,TDX,Product 633,22/06/2019,633,163.30
5e0a83da-2bcc-4197-8fef-01a424500600,TDX,Product 634,22/06/2019,634,163.40
5e0a83da-2bcc-4197-8fef-01a424500600,TDX,Product 635,22/06/2019,635,163.50
5e0a83da-2bcc-4197-8fef-01a424500600,TDX,Product 636,22/06/2019,636,163.60
5e0a83da-2bcc-4197-8fef-01a424500600,TDX,Product 637,22/06/2019,637,163.70
5e0a83da-2bcc-4197-8fef-01a424500600,TDX,Product 638,22/06/2019,638,163.80
5e0a83da-2bcc-4197-8fef-01a424500600,TDX,Product 639,22/06/2019,639,163.90
5e0a83da-2bcc-4197-8fef-01a424500600,TDX,Product 640,22/06/2019,640,164.00
5e0a83da-2bcc-4197-8fef-01a424500600,TDX,Product 641,21/05/2019,641,164.10
5e0a83da-2bcc-4197-8fef-01a424500600,TDX,Product 642,21/05/2019,642,164.20
5e0a83da-2bcc-4197-8fef-01a424500600,TDX,Product 643,21/05/2019,643,164.30
5e0a83da-2bcc-4197-8fef-01a424500600,TDX,Product 644,21/05/2019,644,164.40
5e0a83da-2bcc-4197-8fef-01a424500600,TDX,Product 645,21/05/2019,645,164.50
5e0a83da-2bcc-4197-8fef-01a424500600,TDX,Product 646,21/05/2019,646,164.60
5e0a83da-2bcc-4197-8fef-01a424500600,TDX,Product 647,21/05/2019,647,164.70
5e0a83da-2bcc-4197-8fef-01a424500600,TDX,Product 648,21/05/2019,648,164.80
5e0a83da-2bcc-4197-8fef-01a424500600,TDX,Product 649,21/05/2019,649,164.90
5e0a83da-2bcc-4197-8fef-01a424500600,TDX,Product 650,21/05/2019,650,165.00
5e0a83da-2bcc-4197-8fef-01a424500600,TDX,Product 651,22/06/2019,651,165.10
5e0a83da-2bcc-4197-8fef-01a424500600,TDX,Product 652,22/06/2019,652,165.20
5e0a83da-2bcc-4197-8fef-01a424500600,TDX,Product 653,22/06/2019,653,165.30
5e0a83da-2bcc-4197-8fef-01a424500600,TDX,Product 654,22/06/2019,654,165.40
5e0a83da-2bcc-4197-8fef-01a424500600,TDX,Product 655,22/06/2019,655,165.50
5e0a83da-2bcc-4197-8fef-01a424500600,TDX,Product 656,22/06/2019,656,165.60
5e0a83da-2bcc-4197-8fef-01a424500600,TDX,Product 657,22/06/2019,657,165.70
5e0a83da-2bcc-4197-8fef-01a424500600,TDX,Product 658,22/06/2019,658,165.80
5e0a83da-2bcc-4197-8fef-01a424500600,TDX,Product 659,22/06/2019,659,165.90
5e0a83da-2bcc-4197-8fef-01a424500600,TDX,Product 660,22/06/2019,660,166.00
5e0a83da-2bcc-4197-8fef-01a424500600,TDX,Product 661,21/05/2019,661,166.10
5e0a83da-2bcc-4197-8fef-01a424500600,TDX,Product 662,21/05/2019,662,166.20
5e0a83da-2bcc-4197-8fef-01a424500600,TDX,Product 663,21/05/2019,663,166.30
5e0a83da-2bcc-4197-8fef-01a424500600,TDX,Product 664,21/05/2019,664,166.40
5e0a83da-2bcc-4197-8fef-01a424500600,TDX,Product 665,21/05/2019,665,166.50
5e0a83da-2bcc-4197-8fef-01a424500600,TDX,Product 666,21/05/2019,666,166.60
5e0a83da-2bcc-4197-8fef-01a424500600,TDX,Product 667,21/05/2019,667,166.70
5e0a83da-2bcc-4197-8fef-01a424500600,TDX,Product 668,21/05/2019,668,166.80
5e0a83da-2bcc-4197-8fef-01a424500600,TDX,Product 669,21/05/2019,669,166.90
5e0a83da-2bcc-4197-8fef-01a424500600,TDX,Product 670,21/05/2019,670,167.00
5e0a83da-2bcc-4197-8fef-01a424500600,TDX,Product 671,22/06/2019,671,167.10
5e0a83da-2bcc-4197-8fef-01a424500600,TDX,Product 672,22/06/2019,672,167.20
5e0a83da-2bcc-4197-8fef-01a424500600,TDX,Product 673,22/06/2019,673,167.30
5e0a83da-2bcc-4197-8fef-01a424500600,TDX,Product 674,22/06/2019,674,167.40
5e0a83da-2bcc-4197-8fef-01a424500600,TDX,Product 675,22/06/2019,675,167.50
5e0a83da-2bcc-4197-8fef-01a424500600,TDX,Product 676,22/06/2019,676,167.60
5e0a83da-2bcc-4197-8fef-01a424500600,TDX,Product 677,22/06/2019,677,167.70
5e0a83da-2bcc-4197-8fef-01a424500600,TDX,Product 678,22/06/2019,678,167.80
5e0a83da-2bcc-4197-8fef-01a424500600,TDX,Product 679,22/06/2019,679,167.90
5e0a83da-2bcc-4197-8fef-01a424500600,TDX,Product 680,22/06/2019,680,168.00
5e0a83da-2bcc-4197-8fef-01a424500600,TDX,Product 681,21/05/2019,681,168.10
5e0a83da-2bcc-4197-8fef-01a424500600,TDX,Product 682,21/05/2019,682,168.20
5e0a83da-2bcc-4197-8fef-01a424500600,TDX,Product 683,21/05/2019,683,168.30
5e0a83da-2bcc-4197-8fef-01a424500600,TDX,Product 684,21/05/2019,684,168.40
5e0a83da-2bcc-4197-8fef-01a424500600,TDX,Product 685,21/05/2019,685,168.50
5e0a83da-2bcc-4197-8fef-01a424500600,TDX,Product 686,21/05/2019,686,168.60
5e0a83da-2bcc-4197-8fef-01a424500600,TDX,Product 687,21/05/2019,687,168.70
5e0a83da-2bcc-4197-8fef-01a424500600,TDX,Product 688,21/05/2019,688,168.80
5e0a83da-2bcc-4197-8fef-01a424500600,TDX,Product 689,21/05/2019,689,168.90
5e0a83da-2bcc-4197-8fef-01a424500600,TDX,Product 690,21/05/2019,690,169.00
5e0a83da-2bcc-4197-8fef-01a424500600,TDX,Product 691,22/06/2019,691,169.10
5e0a83da-2bcc-4197-8fef-01a424500600,TDX,Product 692,22/06/2019,692,169.20
5e0a83da-2bcc-4197-8fef-01a424500600,TDX,Product 693,22/06/2019,693,169.30
5e0a83da-2bcc-4197-8fef-01a424500600,TDX,Product 694,22/06/2019,694,169.40
5e0a83da-2bcc-4197-8fef-01a424500600,TDX,Product 695,22/06/2019,695,169.50
5e0a83da-2bcc-4197-8fef-01a424500600,TDX,Product 696,22/06/2019,696,169.60
5e0a83da-2bcc-4197-8fef-01a424500600,TDX,Product 697,22/06/2019,697,169.70
5e0a83da-2bcc-4197-8fef-01a424500600,TDX,Product 698,22/06/2019,698,169.80
5e0a83da-2bcc-4197-8fef-01a424500600,TDX,Product 699,22/06/2019,699,169.90
5e0a83da-2bcc-4197-8fef-01a424500700,TDX,Product 700,22/06/2019,700,170.00
5e0a83da-2bcc-4197-8fef-01a424500700,TDX,Product 701,21/05/2019,701,170.10
5e0a83da-2bcc-4197-8fef-01a424500700,TDX,Product 702,21/05/2019,702,170.20
5e0a83da-2bcc-4197-8fef-01a424500700,TDX,Product 703,21/05/2019,703,170.30
5e0a83da-2bcc-4197-8fef-01a424500700,TDX,Product 704,21/05/2019,704,170.40
5e0a83da-2bcc-4197-8fef-01a424500700,TDX,Product 705,21/05/2019,705,170.50
5e0a83da-2bcc-4197-8fef-01a424500700,TDX,Product 706,21/05/2019,706,170.60
5e0a83da-2bcc-4197-8fef-01a424500700,TDX,Product 707,21/05/2019,707,170.70
5e0a83da-2bcc-4197-8fef-01a424500700,TDX,Product 708,21/05/2019,708,170.80
5e0a83da-2bcc-4197-8fef-01a424500700,TDX,Product 709,21/05/2019,709,170.90
5e0a83da-2bcc-4197-8fef-01a424500700,TDX,Product 710,21/05/2019,710,171.00
5e0a83da-2bcc-4197-8fef-01a424500700,TDX,Product 711,22/06/2019,711,171.10
5e0a83da-2bcc-4197-8fef-01a424500700,TDX,Product 712,22/06/2019,712,171.20
5e0a83da-2bcc-4197-8fef-01a424500700,TDX,Product 713,22/06/2019,713,171.30
5e0a83da-2bcc-4197-8fef-01a424500700,TDX,Product 714,22/06/2019,714,171.40
5e0a83da-2bcc-4197-8fef-01a424500700,TDX,Product 715,22/06/2019,715,171.50
5e0a83da-2bcc-4197-8fef-01a424500700,TDX,Product 716,22/06/2019,716,171.60
5e0a83da-2bcc-4197-8fef-01a424500700,TDX,Product 717,22/06/2019,717,171.70
5e0a83da-2bcc-4197-8fef-01a424500700,TDX,Product 718,22/06/2019,718,171.80
5e0a83da-2bcc-4197-8fef-01a424500700,TDX,Product 719,22/06/2019,719,171.90
5e0a83da-2bcc-4197-8fef-01a424500700,TDX,Product 720,22/06/2019,720,172.00
5e0a83da-2bcc-4197-8fef-01a424500700,TDX,Product 721,21/05/2019,721,172.10
5e0a83da-2bcc-4197-8fef-01a424500700,TDX,Product 722,21/05/2019,722,172.20
5e0a83da-2bcc-4197-8fef-01a424500700,TDX,Product 723,21/05/2019,723,172.30
5e0a83da-2bcc-4197-8fef-01a424500700,TDX,Product 724,21/05/2019,724,172.40
5e0a83da-2bcc-4197-8fef-01a424500700,TDX,Product 725,21/05/2019,725,172.50
5e0a83da-2bcc-4197-8fef-01a424500700,TDX,Product 726,21/05/2019,726,172.60
5e0a83da-2bcc-4197-8fef-01a424500700,TDX,Product 727,21/05/2019,727,172.70
5e0a83da-2bcc-4197-8fef-01a424500700,TDX,Product 728,21/05/2019,728,172.80
5e0a83da-2bcc-4197-8fef-01a424500700,TDX,Product 729,21/05/2019,729,172.90
5e0a83da-2bcc-4197-8fef-01a424500700,TDX,Product 730,21/05/2019,730,173.00
5e0a83da-2bcc-4197-8fef-01a424500700,TDX,Product 731,22/06/2019,731,173.10
5e0a83da-2bcc-4197-8fef-01a424500700,TDX,Product 732,22/06/2019,732,173.20
5e0a83da-2bcc-4197-8fef-01a424500700,TDX,Product 733,22/06/2019,733,173.30
5e0a83da-2bcc-4197-8fef-01a424500700,TDX,Product 734,22/06/2019,734,173.40
5e0a83da-2bcc-4197-8fef-01a424500700,TDX,Product 735,22/06/2019,735,173.50
5e0a83da-2bcc-4197-8fef-01a424500700,TDX,Product 736,22/06/2019,736,173.60
5e0a83da-2bcc-4197-8fef-01a424500700,TDX,Product 737,22/06/2019,737,173.70
5e0a83da-2bcc-4197-8fef-01a424500700,TDX,Product 738,22/06/2019,738,173.80
5e0a83da-2bcc-4197-8fef-01a424500700,TDX,Product 739,22/06/2019,739,173.90
5e0a83da-2bcc-4197-8fef-01a424500700,TDX,Product 740,22/06/2019,740,174.00
5e0a83da-2bcc-4197-8fef-01a424500700,TDX,Product 741,21/05/2019,741,174.10
5e0a83da-2bcc-4197-8fef-01a424500700,TDX,Product 742,21/05/2019,742,174.20
5e0a83da-2bcc-4197-8fef-01a424500700,TDX,Product 743,21/05/2019,743,174.30
5e0a83da-2bcc-4197-8fef-01a424500700,TDX,Product 744,21/05/2019,744,174.40
5e0a83da-2bcc-4197-8fef-01a424500700,TDX,Product 745,21/05/2019,745,174.50
5e0a83da-2bcc-4197-8fef-01a424500700,TDX,Product 746,21/05/2019,746,174.60
5e0a83da-2bcc-4197-8fef-01a424500700,TDX,Product 747,21/05/2019,747,174.70
5e0a83da-2bcc-4197-8fef-01a424500700,TDX,Product 748,21/05/2019,748,174.80
5e0a83da-2bcc-4197-8fef-01a424500700,TDX,Product 749,21/05/2019,749,174.90
5e0a83da-2bcc-4197-8fef-01a424500700,TDX,Product 750,21/05/2019,750,175.00
5e0a83da-2bcc-4197-8fef-01a424500700,TDX,Product 751,22/06/2019,751,175.10
5e0a83da-2bcc-4197-8fef-01a424500700,TDX,Product 752,22/06/2019,752,175.20
5e0a83da-2bcc-4197-8fef-01a424500700,TDX,Product 753,22/06/2019,753,175.30
5e0a83da-2bcc-4197-8fef-01a424500700,TDX,Product 754,22/06/2019,754,175.40
5e0a83da-2bcc-4197-8fef-01a424500700,TDX,Product 755,22/06/2019,755,175.50
5e0a83da-2bcc-4197-8fef-01a424500700,TDX,Product 756,22/06/2019,756,175.60
5e0a83da-2bcc-4197-8fef-01a424500700,TDX,Product 757,22/06/2019,757,175.70
5e0a83da-2bcc-4197-8fef-01a424500700,TDX,Product 758,22/06/2019,758,175.80
5e0a83da-2bcc-4197-8fef-01a424500700,TDX,Product 759,22/06/2019,759,175.90
5e0a83da-2bcc-4197-8fef-01a424500700,TDX,Product 760,22/06/2019,760,176.00
5e0a83da-2bcc-4197-8fef-01a424500700,TDX,Product 761,21/05/2019,761,176.10
5e0a83da-2bcc-4197-8fef-01a424500700,TDX,Product 762,21/05/2019,762,176.20
5e0a83da-2bcc-4197-8fef-01a424500700,TDX,Product 763,21/05/2019,763,176.30
5e0a83da-2bcc-4197-8fef-01a424500700,TDX,Product 764,21/05/2019,764,176.40
5e0a83da-2bcc-4197-8fef-01a424500700,TDX,Product 765,21/05/2019,765,176.50
5e0a83da-2bcc-4197-8fef-01a424500700,TDX,Product 766,21/05/2019,766,176.60
5e0a83da-2bcc-4197-8fef-01a424500700,TDX,Product 767,21/05/2019,767,176.70
5e0a83da-2bcc-4197-8fef-01a424500700,TDX,Product 768,21/05/2019,768,176.80
5e0a83da-2bcc-4197-8fef-01a424500700,TDX,Product 769,21/05/2019,769,176.90
5e0a83da-2bcc-4197-8fef-01a424500700,TDX,Product 770,21/05/2019,770,177.00
5e0a83da-2bcc-4197-8fef-01a424500700,TDX,Product 771,22/06/2019,771,177.10
5e0a83da-2bcc-4197-8fef-01a424500700,TDX,Product 772,22/06/2019,772,177.20
5e0a83da-2bcc-4197-8fef-01a424500700,TDX,Product 773,22/06/2019,773,177.30
5e0a83da-2bcc-4197-8fef-01a424500700,TDX,Product 774,22/06/2019,774,177.40
5e0a83da-2bcc-4197-8fef-01a424500700,TDX,Product 775,22/06/2019,775,177.50
5e0a83da-2bcc-4197-8fef-01a424500700,TDX,Product 776,22/06/2019,776,177.60
5e0a83da-2bcc-4197-8fef-01a424500700,TDX,Product 777,22/06/2019,777,177.70
5e0a83da-2bcc-4197-8fef-01a424500700,TDX,Product 778,22/06/2019,778,177.80
5e0a83da-2bcc-4197-8fef-01a424500700,TDX,Product 779,22/06/2019,779,177.90
5e0a83da-2bcc-4197-8fef-01a424500700,TDX,Product 780,22/06/2019,780,178.00
5e0a83da-2bcc-4197-8fef-01a424500700,TDX,Product 781,21/05/2019,781,178.10
5e0a83da-2bcc-4197-8fef-01a424500700,TDX,Product 782,21/05/2019,782,178.20
5e0a83da-2bcc-4197-8fef-01a424500700,TDX,Product 783,21/05/2019,783,178.30
5e0a83da-2bcc-4197-8fef-01a424500700,TDX,Product 784,21/05/2019,784,178.40
5e0a83da-2bcc-4197-8fef-01a424500700,TDX,Product 785,21/05/2019,785,178.50
5e0a83da-2bcc-4197-8fef-01a424500700,TDX,Product 786,21/05/2019,786,178.60
5e0a83da-2bcc-4197-8fef-01a424500700,TDX,Product 787,21/05/2019,787,178.70
5e0a83da-2bcc-4197-8fef-01a424500700,TDX,Product 788,21/05/2019,788,178.80
5e0a83da-2bcc-4197-8fef-01a424500700,TDX,Product 789,21/05/2019,789,178.90
5e0a83da-2bcc-4197-8fef-01a424500700,TDX,Product 790,21/05/2019,790,179.00
5e0a83da-2bcc-4197-8fef-01a424500700,TDX,Product 791,22/06/2019,791,179.10
5e0a83da-2bcc-4197-8fef-01a424500700,TDX,Product 792,22/06/2019,792,179.20
5e0a83da-2bcc-4197-8fef-01a424500700,TDX,Product 793,22/06/2019,793,179.30
5e0a83da-2bcc-4197-8fef-01a424500700,TDX,Product 794,22/06/2019,794,179.40
5e0a83da-2bcc-4197-8fef-01a424500700,TDX,Product 795,22/06/2019,795,179.50
5e0a83da-2bcc-4197-8fef-01a424500700,TDX,Product 796,22/06/2019,796,179.60
5e0a83da-2bcc-4197-8fef-01a424500700,TDX,Product 797,22/06/2019,797,179.70
5e0a83da-2bcc-4197-8fef-01a424500700,TDX,Product 798,22/06/2019,798,179.80
5e0a83da-2bcc-4197-8fef-01a424500700,TDX,Product 799,22/06/2019,799,179.90
5e0a83da-2bcc-4197-8fef-01a424500800,TDX,Product 800,22/06/2019,800,180.00
5e0a83da-2bcc-4197-8fef-01a424500800,TDX,Product 801,21/05/2019,801,180.10
5e0a83da-2bcc-4197-8fef-01a424500800,TDX,Product 802,21/05/2019,802,180.20
5e0a83da-2bcc-4197-8fef-01a424500800,TDX,Product 803,21/05/2019,803,180.30
5e0a83da-2bcc-4197-8fef-01a424500800,TDX,Product 804,21/05/2019,804,180.40
5e0a83da-2bcc-4197-8fef-01a424500800,TDX,Product 805,21/05/2019,805,180.50
5e0a83da-2bcc-4197-8fef-01a424500800,TDX,Product 806,21/05/2019,806,180.60
5e0a83da-2bcc-4197-8fef-01a424500800,TDX,Product 807,21/05/2019,807,180.70
5e0a83da-2bcc-4197-8fef-01a424500800,TDX,Product 808,21/05/2019,808,180.80
5e0a83da-2bcc-4197-8fef-01a424500800,TDX,Product 809,21/05/2019,809,180.90
5e0a83da-2bcc-4197-8fef-01a424500800,TDX,Product 810,21/05/2019,810,181.00
5e0a83da-2bcc-4197-8fef-01a424500800,TDX,Product 811,22/06/2019,811,181.10
5e0a83da-2bcc-4197-8fef-01a424500800,TDX,Product 812,22/06/2019,812,181.20
5e0a83da-2bcc-4197-8fef-01a424500800,TDX,Product 813,22/06/2019,813,181.30
5e0a83da-2bcc-4197-8fef-01a424500800,TDX,Product 814,22/06/2019,814,181.40
5e0a83da-2bcc-4197-8fef-01a424500800,TDX,Product 815,22/06/2019,815,181.50
5e0a83da-2bcc-4197-8fef-01a424500800,TDX,Product 816,22/06/2019,816,181.60
5e0a83da-2bcc-4197-8fef-01a424500800,TDX,Product 817,22/06/2019,817,181.70
5e0a83da-2bcc-4197-8fef-01a424500800,TDX,Product 818,22/06/2019,818,181.80
5e0a83da-2bcc-4197-8fef-01a424500800,TDX,Product 819,22/06/2019,819,181.90
5e0a83da-2bcc-4197-8fef-01a424500800,TDX,Product 820,22/06/2019,820,182.00
5e0a83da-2bcc-4197-8fef-01a424500800,TDX,Product 821,21/05/2019,821,182.10
5e0a83da-2bcc-4197-8fef-01a424500800,TDX,Product 822,21/05/2019,822,182.20
5e0a83da-2bcc-4197-8fef-01a424500800,TDX,Product 823,21/05/2019,823,182.30
5e0a83da-2bcc-4197-8fef-01a424500800,TDX,Product 824,21/05/2019,824,182.40
5e0a83da-2bcc-4197-8fef-01a424500800,TDX,Product 825,21/05/2019,825,182.50
5e0a83da-2bcc-4197-8fef-01a424500800,TDX,Product 826,21/05/2019,826,182.60
5e0a83da-2bcc-4197-8fef-01a424500800,TDX,Product 827,21/05/2019,827,182.70
5e0a83da-2bcc-4197-8fef-01a424500800,TDX,Product 828,21/05/2019,828,182.80
5e0a83da-2bcc-4197-8fef-01a424500800,TDX,Product 829,21/05/2019,829,182.90
5e0a83da-2bcc-4197-8fef-01a424500800,TDX,Product 830,21/05/2019,830,183.00
5e0a83da-2bcc-4197-8fef-01a424500800,TDX,Product 831,22/06/2019,831,183.10
5e0a83da-2bcc-4197-8fef-01a424500800,TDX,Product 832,22/06/2019,832,183.20
5e0a83da-2bcc-4197-8fef-01a424500800,TDX,Product 833,22/06/2019,833,183.30
5e0a83da-2bcc-4197-8fef-01a424500800,TDX,Product 834,22/06/2019,834,183.40
5e0a83da-2bcc-4197-8fef-01a424500800,TDX,Product 835,22/06/2019,835,183.50
5e0a83da-2bcc-4197-8fef-01a424500800,TDX,Product 836,22/06/2019,836,183.60
5e0a83da-2bcc-4197-8fef-01a424500800,TDX,Product 837,22/06/2019,837,183.70
5e0a83da-2bcc-4197-8fef-01a424500800,TDX,Product 838,22/06/2019,838,183.80
5e0a83da-2bcc-4197-8fef-01a424500800,TDX,Product 839,22/06/2019,839,183.90
5e0a83da-2bcc-4197-8fef-01a424500800,TDX,Product 840,22/06/2019,840,184.00
5e0a83da-2bcc-4197-8fef-01a424500800,TDX,Product 841,21/05/2019,841,184.10
5e0a83da-2bcc-4197-8fef-01a424500800,TDX,Product 842,21/05/2019,842,184.20
5e0a83da-2bcc-4197-8fef-01a424500800,TDX,Product 843,21/05/2019,843,184.30
5e0a83da-2bcc-4197-8fef-01a424500800,TDX,Product 844,21/05/2019,844,184.40
5e0a83da-2bcc-4197-8fef-01a424500800,TDX,Product 845,21/05/2019,845,184.50
5e0a83da-2bcc-4197-8fef-01a424500800,TDX,Product 846,21/05/2019,846,184.60
5e0a83da-2bcc-4197-8fef-01a424500800,TDX,Product 847,21/05/2019,847,184.70
5e0a83da-2bcc-4197-8fef-01a424500800,TDX,Product 848,21/05/2019,848,184.80
5e0a83da-2bcc-4197-8fef-01a424500800,TDX,Product 849,21/05/2019,849,184.90
5e0a83da-2bcc-4197-8fef-01a424500800,TDX,Product 850,21/05/2019,850,185.00
5e0a83da-2bcc-4197-8fef-01a424500800,TDX,Product 851,22/06/2019,851,185.10
5e0a83da-2bcc-4197-8fef-01a424500800,TDX,Product 852,22/06/2019,852,185.20
5e0a83da-2bcc-4197-8fef-01a424500800,TDX,Product 853,22/06/2019,853,185.30
5e0a83da-2bcc-4197-8fef-01a424500800,TDX,Product 854,22/06/2019,854,185.40
5e0a83da-2bcc-4197-8fef-01a424500800,TDX,Product 855,22/06/2019,855,185.50
5e0a83da-2bcc-4197-8fef-01a424500800,TDX,Product 856,22/06/2019,856,185.60
5e0a83da-2bcc-4197-8fef-01a424500800,TDX,Product 857,22/06/2019,857,185.70
5e0a83da-2bcc-4197-8fef-01a424500800,TDX,Product 858,22/06/2019,858,185.80
5e0a83da-2bcc-4197-8fef-01a424500800,TDX,Product 859,22/06/2019,859,185.90
5e0a83da-2bcc-4197-8fef-01a424500800,TDX,Product 860,22/06/2019,860,186.00
5e0a83da-2bcc-4197-8fef-01a424500800,TDX,Product 861,21/05/2019,861,186.10
5e0a83da-2bcc-4197-8fef-01a424500800,TDX,Product 862,21/05/2019,862,186.20
5e0a83da-2bcc-4197-8fef-01a424500800,TDX,Product 863,21/05/2019,863,186.30
5e0a83da-2bcc-4197-8fef-01a424500800,TDX,Product 864,21/05/2019,864,186.40
5e0a83da-2bcc-4197-8fef-01a424500800,TDX,Product 865,21/05/2019,865,186.50
5e0a83da-2bcc-4197-8fef-01a424500800,TDX,Product 866,21/05/2019,866,186.60
5e0a83da-2bcc-4197-8fef-01a424500800,TDX,Product 867,21/05/2019,867,186.70
5e0a83da-2bcc-4197-8fef-01a424500800,TDX,Product 868,21/05/2019,868,186.80
5e0a83da-2bcc-4197-8fef-01a424500800,TDX,Product 869,21/05/2019,869,186.90
5e0a83da-2bcc-4197-8fef-01a424500800,TDX,Product 870,21/05/2019,870,187.00
5e0a83da-2bcc-4197-8fef-01a424500800,TDX,Product 871,22/06/2019,871,187.10
5e0a83da-2bcc-4197-8fef-01a424500800,TDX,Product 872,22/06/2019,872,187.20
5e0a83da-2bcc-4197-8fef-01a424500800,TDX,Product 873,22/06/2019,873,187.30
5e0a83da-2bcc-4197-8fef-01a424500800,TDX,Product 874,22/06/2019,874,187.40
5e0a83da-2bcc-4197-8fef-01a424500800,TDX,Product 875,22/06/2019,875,187.50
5e0a83da-2bcc-4197-8fef-01a424500800,TDX,Product 876,22/06/2019,876,187.60
5e0a83da-2bcc-4197-8fef-01a424500800,TDX,Product 877,22/06/2019,877,187.70
5e0a83da-2bcc-4197-8fef-01a424500800,TDX,Product 878,22/06/2019,878,187.80
5e0a83da-2bcc-4197-8fef-01a424500800,TDX,Product 879,22/06/2019,879,187.90
5e0a83da-2bcc-4197-8fef-01a424500800,TDX,Product 880,22/06/2019,880,188.00
5e0a83da-2bcc-4197-8fef-01a424500800,TDX,Product 881,21/05/2019,881,188.10
5e0a83da-2bcc-4197-8fef-01a424500800,TDX,Product 882,21/05/2019,882,188.20
5e0a83da-2bcc-4197-8fef-01a424500800,TDX,Product 883,21/05/2019,883,188.30
5e0a83da-2bcc-4197-8fef-01a424500800,TDX,Product 884,21/05/2019,884,188.40
5e0a83da-2bcc-4197-8fef-01a424500800,TDX,Product 885,21/05/2019,885,188.50
5e0a83da-2bcc-4197-8fef-01a424500800,TDX,Product 886,21/05/2019,886,188.60
5e0a83da-2bcc-4197-8fef-01a424500800,TDX,Product 887,21/05/2019,887,188.70
5e0a83da-2bcc-4197-8fef-01a424500800,TDX,Product 888,21/05/2019,888,188.80
5e0a83da-2bcc-4197-8fef-01a424500800,TDX,Product 889,21/05/2019,889,188.90
5e0a83da-2bcc-4197-8fef-01a424500800,TDX,Product 890,21/05/2019,890,189.00
5e0a83da-2bcc-4197-8fef-01a424500800,TDX,Product 891,22/06/2019,891,189.10
5e0a83da-2bcc-4197-8fef-01a424500800,TDX,Product 892,22/06/2019,892,189.20
5e0a83da-2bcc-4197-8fef-01a424500800,TDX,Product 893,22/06/2019,893,189.30
5e0a83da-2bcc-4197-8fef-01a424500800,TDX,Product 894,22/06/2019,894,189.40
5e0a83da-2bcc-4197-8fef-01a424500800,TDX,Product 895,22/06/2019,895,189.50
5e0a83da-2bcc-4197-8fef-01a424500800,TDX,Product 896,22/06/2019,896,189.60
5e0a83da-2bcc-4197-8fef-01a424500800,TDX,Product 897,22/06/2019,897,189.70
5e0a83da-2bcc-4197-8fef-01a424500800,TDX,Product 898,22/06/2019,898,189.80
5e0a83da-2bcc-4197-8fef-01a424500800,TDX,Product 899,22/06/2019,899,189.90
5e0a83da-2bcc-4197-8fef-01a424500900,TDX,Product 900,22/06/2019,900,190.00
5e0a83da-2bcc-4197-8fef-01a424500900,TDX,Product 901,21/05/2019,901,190.10
5e0a83da-2bcc-4197-8fef-01a424500900,TDX,Product 902,21/05/2019,902,190.20
5e0a83da-2bcc-4197-8fef-01a424500900,TDX,Product 903,21/05/2019,903,190.30
5e0a83da-2bcc-4197-8fef-01a424500900,TDX,Product 904,21/05/2019,904,190.40
5e0a83da-2bcc-4197-8fef-01a424500900,TDX,Product 905,21/05/2019,905,190.50
5e0a83da-2bcc-4197-8fef-01a424500900,TDX,Product 906,21/05/2019,906,190.60
5e0a83da-2bcc-4197-8fef-01a424500900,TDX,Product 907,21/05/2019,907,190.70
5e0a83da-2bcc-4197-8fef-01a424500900,TDX,Product 908,21/05/2019,908,190.80
5e0a83da-2bcc-4197-8fef-01a424500900,TDX,Product 909,21/05/2019,909,190.90
5e0a83da-2bcc-4197-8fef-01a424500900,TDX,Product 910,21/05/2019,910,191.00
5e0a83da-2bcc-4197-8fef-01a424500900,TDX,Product 911,22/06/2019,911,191.10
5e0a83da-2bcc-4197-8fef-01a424500900,TDX,Product 912,22/06/2019,912,191.20
5e0a83da-2bcc-4197-8fef-01a424500900,TDX,Product 913,22/06/2019,913,191.30
5e0a83da-2bcc-4197-8fef-01a424500900,TDX,Product 914,22/06/2019,914,191.40
5e0a83da-2bcc-4197-8fef-01a424500900,TDX,Product 915,22/06/2019,915,191.50
5e0a83da-2bcc-4197-8fef-01a424500900,TDX,Product 916,22/06/2019,916,191.60
5e0a83da-2bcc-4197-8fef-01a424500900,TDX,Product 917,22/06/2019,917,191.70
5e0a83da-2bcc-4197-8fef-01a424500900,TDX,Product 918,22/06/2019,918,191.80
5e0a83da-2bcc-4197-8fef-01a424500900,TDX,Product 919,22/06/2019,919,191.90
5e0a83da-2bcc-4197-8fef-01a424500900,TDX,Product 920,22/06/2019,920,192.00
5e0a83da-2bcc-4197-8fef-01a424500900,TDX,Product 921,21/05/2019,921,192.10
5e0a83da-2bcc-4197-8fef-01a424500900,TDX,Product 922,21/05/2019,922,192.20
5e0a83da-2bcc-4197-8fef-01a424500900,TDX,Product 923,21/05/2019,923,192.30
5e0a83da-2bcc-4197-8fef-01a424500900,TDX,Product 924,21/05/2019,924,192.40
5e0a83da-2bcc-4197-8fef-01a424500900,TDX,Product 925,21/05/2019,925,192.50
5e0a83da-2bcc-4197-8fef-01a424500900,TDX,Product 926,21/05/2019,926,192.60
5e0a83da-2bcc-4197-8fef-01a424500900,TDX,Product 927,21/05/2019,927,192.70
5e0a83da-2bcc-4197-8fef-01a424500900,TDX,Product 928,21/05/2019,928,192.80
5e0a83da-2bcc-4197-8fef-01a424500900,TDX,Product 929,21/05/2019,929,192.90
5e0a83da-2bcc-4197-8fef-01a424500900,TDX,Product 930,21/05/2019,930,193.00
5e0a83da-2bcc-4197-8fef-01a424500900,TDX,Product 931,22/06/2019,931,193.10
5e0a83da-2bcc-4197-8fef-01a424500900,TDX,Product 932,22/06/2019,932,193.20
5e0a83da-2bcc-4197-8fef-01a424500900,TDX,Product 933,22/06/2019,933,193.30
5e0a83da-2bcc-4197-8fef-01a424500900,TDX,Product 934,22/06/2019,934,193.40
5e0a83da-2bcc-4197-8fef-01a424500900,TDX,Product 935,22/06/2019,935,193.50
5e0a83da-2bcc-4197-8fef-01a424500900,TDX,Product 936,22/06/2019,936,193.60
5e0a83da-2bcc-4197-8fef-01a424500900,TDX,Product 937,22/06/2019,937,193.70
5e0a83da-2bcc-4197-8fef-01a424500900,TDX,Product 938,22/06/2019,938,193.80
5e0a83da-2bcc-4197-8fef-01a424500900,TDX,Product 939,22/06/2019,939,193.90
5e0a83da-2bcc-4197-8fef-01a424500900,TDX,Product 940,22/06/2019,940,194.00
5e0a83da-2bcc-4197-8fef-01a424500900,TDX,Product 941,21/05/2019,941,194.10
5e0a83da-2bcc-4197-8fef-01a424500900,TDX,Product 942,21/05/2019,942,194.20
5e0a83da-2bcc-4197-8fef-01a424500900,TDX,Product 943,21/05/2019,943,194.30
5e0a83da-2bcc-4197-8fef-01a424500900,TDX,Product 944,21/05/2019,944,194.40
5e0a83da-2bcc-4197-8fef-01a424500900,TDX,Product 945,21/05/2019,945,194.50
5e0a83da-2bcc-4197-8fef-01a424500900,TDX,Product 946,21/05/2019,946,194.60
5e0a83da-2bcc-4197-8fef-01a424500900,TDX,Product 947,21/05/2019,947,194.70
5e0a83da-2bcc-4197-8fef-01a424500900,TDX,Product 948,21/05/2019,948,194.80
5e0a83da-2bcc-4197-8fef-01a424500900,TDX,Product 949,21/05/2019,949,194.90
5e0a83da-2bcc-4197-8fef-01a424500900,TDX,Product 950,21/05/2019,950,195.00
5e0a83da-2bcc-4197-8fef-01a424500900,TDX,Product 951,22/06/2019,951,195.10
5e0a83da-2bcc-4197-8fef-01a424500900,TDX,Product 952,22/06/2019,952,195.20
5e0a83da-2bcc-4197-8fef-01a424500900,TDX,Product 953,22/06/2019,953,195.30
5e0a83da-2bcc-4197-8fef-01a424500900,TDX,Product 954,22/06/2019,954,195.40
5e0a83da-2bcc-4197-8fef-01a424500900,TDX,Product 955,22/06/2019,955,195.50
5e0a83da-2bcc-4197-8fef-01a424500900,TDX,Product 956,22/06/2019,956,195.60
5e0a83da-2bcc-4197-8fef-01a424500900,TDX,Product 957,22/06/2019,957,195.70
5e0a83da-2bcc-4197-8fef-01a424500900,TDX,Product 958,22/06/2019,958,195.80
5e0a83da-2bcc-4197-8fef-01a424500900,TDX,Product 959,22/06/2019,959,195.90
5e0a83da-2bcc-4197-8fef-01a424500900,TDX,Product 960,22/06/2019,960,196.00
5e0a83da-2bcc-4197-8fef-01a424500900,TDX,Product 961,21/05/2019,961,196.10
5e0a83da-2bcc-4197-8fef-01a424500900,TDX,Product 962,21/05/2019,962,196.20
5e0a83da-2bcc-4197-8fef-01a424500900,TDX,Product 963,21/05/2019,963,196.30
5e0a83da-2bcc-4197-8fef-01a424500900,TDX,Product 964,21/05/2019,964,196.40
5e0a83da-2bcc-4197-8fef-01a424500900,TDX,Product 965,21/05/2019,965,196.50
5e0a83da-2bcc-4197-8fef-01a424500900,TDX,Product 966,21/05/2019,966,196.60
5e0a83da-2bcc-4197-8fef-01a424500900,TDX,Product 967,21/05/2019,967,196.70
5e0a83da-2bcc-4197-8fef-01a424500900,TDX,Product 968,21/05/2019,968,196.80
5e0a83da-2bcc-4197-8fef-01a424500900,TDX,Product 969,21/05/2019,969,196.90
5e0a83da-2bcc-4197-8fef-01a424500900,TDX,Product 970,21/05/2019,970,197.00
5e0a83da-2bcc-4197-8fef-01a424500900,TDX,Product 971,22/06/2019,971,197.10
5e0a83da-2bcc-4197-8fef-01a424500900,TDX,Product 972,22/06/2019,972,197.20
5e0a83da-2bcc-4197-8fef-01a424500900,TDX,Product 973,22/06/2019,973,197.30
5e0a83da-2bcc-4197-8fef-01a424500900,TDX,Product 974,22/06/2019,974,197.40
5e0a83da-2bcc-4197-8fef-01a424500900,TDX,Product 975,22/06/2019,975,197.50
5e0a83da-2bcc-4197-8fef-01a424500900,TDX,Product 976,22/06/2019,976,197.60
5e0a83da-2bcc-4197-8fef-01a424500900,TDX,Product 977,22/06/2019,977,197.70
5e0a83da-2bcc-4197-8fef-01a424500900,TDX,Product 978,22/06/2019,978,197.80
5e0a83da-2bcc-4197-8fef-01a424500900,TDX,Product 979,22/06/2019,979,197.90
5e0a83da-2bcc-4197-8fef-01a424500900,TDX,Product 980,22/06/2019,980,198.00
5e0a83da-2bcc-4197-8fef-01a424500900,TDX,Product 981,21/05/2019,981,198.10
5e0a83da-2bcc-4197-8fef-01a424500900,TDX,Product 982,21/05/2019,982,198.20
5e0a83da-2bcc-4197-8fef-01a424500900,TDX,Product 983,21/05/2019,983,198.30
5e0a83da-2bcc-4197-8fef-01a424500900,TDX,Product 984,21/05/2019,984,198.40
5e0a83da-2bcc-4197-8fef-01a424500900,TDX,Product 985,21/05/2019,985,198.50
5e0a83da-2bcc-4197-8fef-01a424500900,TDX,Product 986,21/05/2019,986,198.60
5e0a83da-2bcc-4197-8fef-01a424500900,TDX,Product 987,21/05/2019,987,198.70
5e0a83da-2bcc-4197-8fef-01a424500900,TDX,Product 988,21/05/2019,988,198.80
5e0a83da-2bcc-4197-8fef-01a424500900,TDX,Product 989,21/05/2019,989,198.90
5e0a83da-2bcc-4197-8fef-01a424500900,TDX,Product 990,21/05/2019,990,199.00
5e0a83da-2bcc-4197-8fef-01a424500900,TDX,Product 991,22/06/2019,991,199.10
5e0a83da-2bcc-4197-8fef-01a424500900,TDX,Product 992,22/06/2019,992,199.20
5e0a83da-2bcc-4197-8fef-01a424500900,TDX,Product 993,22/06/2019,993,199.30
5e0a83da-2bcc-4197-8fef-01a424500900,TDX,Product 994,22/06/2019,994,199.40
5e0a83da-2bcc-4197-8fef-01a424500900,TDX,Product 995,22/06/2019,995,199.50
5e0a83da-2bcc-4197-8fef-01a424500900,TDX,Product 996,22/06/2019,996,199.60
5e0a83da-2bcc-4197-8fef-01a424500900,TDX,Product 997,22/06/2019,997,199.70
5e0a83da-2bcc-4197-8fef-01a424500900,TDX,Product 998,22/06/2019,998,199.80
5e0a83da-2bcc-4197-8fef-01a424500900,TDX,Product 999,22/06/2019,999,199.90
5e0a83da-2bcc-4197-8fef-01a424501000,TDX,Product 1000,22/06/2019,1000,200.00